brand,shop_grossWeight,shop_id,shop_name,shop_placeOfOrigin,shop_price
美的（Midea）,43.0,100007665227,美的KFR-51LW/N8MJA3,中国大陆,3999.0
艾美特（AIRMATE）,6.9,595936,艾美特FSW52R,中国,179.0
海尔（Haier）,4.9,100015969196,海尔HZW1207Z,中国大陆,249.0
苏泊尔（SUPOR）,0.75,8248078,苏泊尔SJL-C2,中国大陆,69.0
海尔（Haier）,1.37,4112641,海尔HY-Y2028G,中国大陆,118.0
老板（Robam）,37.7,100020542354,老板老板65D1,中国大陆,4599.0
德尔玛（Deerma）,2.35,100007125275,德尔玛DEM-VC01,中国大陆,349.0
小熊（Bear）,2.15,100005539757,小熊XCQ-B01A2,中国大陆,279.0
美菱（MeiLing）,9.5,100000076564,美菱MY-L208,中国大陆,319.0
海尔（Haier）,2.05,100016892178,海尔ZL605G,中国大陆,139.0
利仁（Liven）,2.85,100010009314,利仁LR-D9285J,中国大陆,139.0
小天鹅（LittleSwan）,74.0,100021355172,小天鹅TG100V66WIADY,中国大陆,3799.0
易开得,3.3,100015557768,易开得9001,中国大陆,2480.0
美菱（MeiLing）,8.54,100000399728,美菱MY-C13,中国大陆,259.0
飞利浦（PHILIPS ）,6.74,1121698,飞利浦FC8471/81,中国大陆,399.0
德尔玛（Deerma）,1.0,100001054617,德尔玛TB500,中国大陆,65.0
惠当家（Hui Dang Jia）,4.55,10030667817334,惠当家（Hui Dang Jia）HDJDG-28,操控方式：机械式,188.0
添可（TINECO）,8.1,100018635576,添可 FW100400CN,中国大陆,4590.0
德尔玛（Deerma）,1.53,4559760,德尔玛DEM-F600(白色),广东佛山,79.0
美的（Midea）,102.0,100012751422,美的BCD-540WKPZM(E),中国大陆,4999.0
美的（Midea）,13.5,100014868132,美的MRO17870.D-1,中国大陆,3298.0
苏泊尔（SUPOR）,4.0,100020405660,苏泊尔VCS63X-C11,中国大陆,1099.0
利仁（Liven）,6.32,1163602,利仁LR-FD431,廊坊,549.0
美的（Midea）,45.0,65546006427,美的（Midea）MB100VT50WQC,中国大陆,1599.0
格力（GREE）,7.74,100006600855,格力FD-40X77Bh5,中国大陆,206.0
小熊（Bear）,3.75,100017715804,小熊DFB-B50W2,中国大陆,199.0
大宇（DAEWOO）,6.12,100009078846,大宇S11,中国大陆,969.0
格力（GREE）,4.96,10026523110092,格力（GREE）FL-08X62Bg,中国大陆,269.0
美的（Midea）,2.2,100011817824,美的GAD18MA,中国大陆,119.0
352,13.25,100007906920,352X50S,中国大陆,1299.0
飞利浦（PHILIPS ）,6.54,100007464763,飞利浦FC6730/81,中国大陆,1399.0
美的（Midea）,2.64,608883,美的SC861A,江苏,139.0
格力（GREE）,6.36,37232138383,格力（GREE）FL-09X62Bhc,中国大陆,399.0
奥克斯（AUX）,3.8,100006073553,奥克斯HX-10B76,中国大陆,239.0
小天鹅（LittleSwan）,74.0,100004688993,小天鹅TG100PURE,中国大陆,2299.0
松下（Panasonic）,1.17,3376460,松下NI-M105N_HA,中国大陆,109.0
艾美特（AIRMATE）,1.86,100011623580,艾美特CA15-X28,中国大陆,109.0
沁园（TRULIVA）,9.73,100003100494,沁园KRL3913,中国大陆,1798.0
格力（GREE）,13.67,67960958141,格力（GREE）KS-06S61Dg,中国大陆,659.0
飞利浦（PHILIPS ）,2.84,100007217471,飞利浦ADD4812,中国大陆,529.0
澳柯玛（AUCMA）,6.0,100011582288,澳柯玛FS-35D909(Y),中国青岛,99.0
华凌,16.0,100012751576,华凌VIE1,中国大陆,999.0
奥克斯（AUX）,7.5,100019492474,奥克斯YR-5-X-26,中国大陆,299.0
摩飞电器（Morphyrichards）,2.85,100007333669,摩飞电器MR9086,中国大陆,459.0
小米（MI）,14.64,100009776714,小米小米净水器,中国大陆,2499.0
艾美特（AIRMATE）,6.96,100011623554,艾美特CS35-R19,中国大陆,189.0
索尼（SONY）,31.0,100007346953,索尼KD-65X9100H,中国上海,6499.0
米家,6.52,100007156812,米家STYTJ02YM,中国大陆,1499.0
海尔（Haier）,3.65,4401908,海尔ZC405S,中国大陆,438.0
摩飞电器（Morphyrichards）,5.38,8963179,摩飞电器MR9088,中国大陆,1090.0
德尔玛（Deerma）,2.63,100002092255,德尔玛VC20,中国大陆,369.0
美的（Midea）,90.0,100011151639,美的BCD-470WKPZM(E),中国大陆,3899.0
德尔玛（Deerma）,3.85,100019775906,德尔玛DX1000,中国大陆,299.0
石头（roborock）,7.5,100019625806,石头石头 T7S,中国大陆,2999.0
美的（Midea）,13.5,100007626995,美的KFR-35GW/BP3DN8Y-PH200(1),中国大陆,2699.0
美的（Midea）,3.66,3786784,美的MC-LHN30A,中国大陆,139.0
TCL,3.88,100019017644,TCLTFZ10-21FD,中国大陆,129.9
格力（GREE）,6.0,6571612,格力FL-09X61Bh,中国大陆,305.0
美的（Midea）,12.0,100013973228,美的KFR-35GW/N8MJA3,中国大陆,2099.0
美的（Midea）,13.0,100013964134,美的KFR-35GW/N8MHA1,中国大陆,2399.0
米家,6.2,100004168197,米家STYTJ02YM,中国大陆,1499.0
美的（Midea）,1.41,100005186468,美的SC-3E40,中国大陆,79.0
小天鹅（LittleSwan）,74.0,100018916782,小天鹅TG100VT096WDG-Y1T,中国大陆,2299.0
美的（Midea）,63.0,100013774718,美的BCD-231WTPZM(E),中国大陆,2399.0
戴森（DYSON）,5.02,100020792840,戴森V8 Fluffy Extra,中国大陆,2990.0
美的（Midea）,80.0,100006978061,美的BCD-323WFPZM(E),中国大陆,4799.0
美的（Midea）,1.62,64452952125,美的（Midea）MJ-LZ25Easy119,中国大陆,99.0
欧莱克（olayks）,1.45,10023042615780,欧莱克（olayks）HK-84013502,中国大陆,74.0
小天鹅（LittleSwan）,74.0,100008184380,小天鹅TD100PURE,中国大陆,3199.0
荣事达（Royalstar）,3.1,100008666171,荣事达HG137S1,中国大陆,99.0
奥林格（AOLINGE）,1.16,10022926655010,奥林格（AOLINGE）ZG-306,操控方式：旋钮式,39.9
摩飞电器（Morphyrichards）,1.18,100006078599,摩飞电器MR1032,中国大陆,198.0
美菱（MeiLing）,105.0,6371310,美菱BCD-569WPCX,中国大陆,2699.0
美的（Midea）,3.32,646212,美的WSYH26A,中国大陆,179.0
美的（Midea）,5.38,100002401863,美的YGJ15B6,中国大陆,189.0
美的（Midea）,13.39,100005994202,美的CF12BD/N7-DN,中国大陆,589.0
美的（Midea）,6.52,100019630236,美的GDE24MA,中国大陆,389.0
莱克（LEXY）,3.04,100013707836,莱克B506,中国大陆,699.0
美菱（MeiLing）,10.2,100009506218,美菱MY-C504,中国大陆,269.0
九阳（Joyoung）,3.35,100014512266,九阳HG50-G512,中国大陆,129.0
美的（Midea）,1.505,100005186554,美的MC-DY16Easy102,中国大陆,99.0
大宇（DAEWOO）,1.04,100005418595,大宇D2,中国大陆,299.0
小熊（Bear）,1.64,1914356,小熊JSQ-A50U1,中国大陆,84.0
美的（Midea）,4.48,100011621228,美的MB-FB50M151,中国大陆,199.0
美的（Midea）,4.83,100012738304,美的MB-FB50M205,中国大陆,219.0
美的（Midea）,6.0,100003280608,美的KJ210G-C46,中国大陆,559.0
米家,7.55,100019289896,米家MJWXCQ05XY,中国大陆,1999.0
海尔（Haier）,6.2,100016072506,海尔HZ-T615R,中国大陆,239.0
西门子（SIEMENS）,117.0,2312215,西门子KA92NV60TI,中国大陆,5699.0
美的（Midea）,13.0,100013853386,美的KFR-26GW/N8XHB1,中国大陆,2199.0
美的（Midea）,2.8,6639634,美的HS136B,中国大陆,119.0
志高（CHIGO）,0.4,100013985232,志高C7-1（A）,中国大陆,29.9
小米（MI）,1.55,100004794487,小米小米小爱音箱 Pro 黑色,中国大陆,299.0
TCL,3.06,100010553793,TCLTXS-21BD,中国大陆,99.9
美的（Midea）,1.37,65706586194,美的（Midea）SH17M301b,中国大陆,89.0
格力（GREE）,3.32,10028156405658,格力（GREE）FXDZ-20X61Bg5,中国大陆,399.0
奥克斯（AUX）,4.64,100008716854,奥克斯HX-PB9289,中国大陆,279.0
苏泊尔（SUPOR）,6.75,100003589915,苏泊尔VCT80A,中国大陆,239.0
摩飞电器（Morphyrichards）,0.96,100000035982,摩飞电器MR1015,中国大陆,258.0
摩飞电器（Morphyrichards）,5.6,8942387,摩飞电器MR9088,中国大陆,1090.0
德尔玛（Deerma）,1.77,3009615,德尔玛DX115C,广东佛山,99.0
IRIS OHYAMA,5.01,100010710845,IRIS OHYAMAPC-MA2,中国大陆,759.0
格力（GREE）,4.94,67356117022,格力（GREE）FSTZ-20X60Bg3,中国大陆,409.0
索尼（SONY）,31.0,100018312032,索尼KD-65X80J,中国,7499.0
康佳（KONKA）,17.5,100004383523,康佳55D3,中国大陆,2999.0
海尔（Haier）,9.2,100016668984,海尔LE42J51,中国大陆,1499.0
长虹（CHANGHONG）,8.3,100012209314,长虹43D4PF,中国大陆,1499.0
三星（SAMSUNG）,41.9,100015895690,三星UA75TUF88EJXXZ,中国大陆/越南  以实际为准,6999.0
FFALCON,37.0,100020081614,FFALCON65R645C ,中国大陆,6499.0
SHARP,34.0,100006361735,SHARP70A5RD,中国大陆,4999.0
飞利浦（PHILIPS ）,15.25,100006939617,飞利浦50PUF7295/T3,中国大陆,2599.0
创维（Skyworth）,23.0,100012179580,创维65A20,中国大陆,5199.0
海尔（Haier）,24.5,100014662816,海尔65V31,中国大陆,3399.0
小米（MI）,5.3,100003852503,小米L32M5-EC,中国大陆,949.0
酷开（coocaa）,12.5,100013298786,酷开50P50,中国大陆,2299.0
创维（Skyworth）,38.5,100008214583,创维75A9,中国大陆,5799.0
长虹（CHANGHONG）,5.2,100006706219,长虹32D4PF,中国大陆,999.0
VIDAA,15.5,100015491978,VIDAA55V1F-S,中国大陆,2499.0
乐视TV（Letv）,4.8,100018772896,乐视TVF32C,中国大陆,839.0
FFALCON,43.5,100015456488,FFALCON75S535C,中国大陆,6199.0
索尼（SONY）,31.0,100021106636,索尼XR-65A80J,中国上海,17999.0
LG,28.6,100019073734,LGOLED55C1PCB,中国大陆,12499.0
海信（Hisense）,24.3,100007826441,海信65E3F,中国大陆,3399.0
康佳（KONKA）,8.9,100004453753,康佳LED43U5,中国大陆,1699.0
海信（Hisense）,15.5,100015417556,海信55E3F-MAX,中国大陆,3368.0
TCL,23.6,100013859142,TCL65L8,中国大陆,3299.0
TCL,9.02,100011656748,TCL43V8,中国大陆,1999.0
长虹（CHANGHONG）,8.3,100012523500,长虹43D5PF,中国大陆,1699.0
TCL,38.1,100007889017,TCL75L8,中国大陆,4599.0
小米（MI）,11.3,100011058771,小米L50M7-EA,中国大陆,2499.0
康佳（KONKA）,19.2,100009088692,康佳LED58U5,中国大陆,2399.0
长虹（CHANGHONG）,25.0,100012290790,长虹65D4PS,中国大陆,3199.0
荣耀（HONOR）,38.4,100009945913,荣耀LOK-370,中国大陆,6299.0
海信（Hisense）,5.0,100012441756,海信32E2F,中国大陆,1049.0
三星（SAMSUNG）,16.0,100012696206,三星UA50TU8000JXXZ,中国大陆/越南 以实际为准,2999.0
创维（Skyworth）,8.5,100007549095,创维43X8,中国大陆,1469.0
飞利浦（PHILIPS ）,25.7,100007692341,飞利浦65PUF7295/T3,中国大陆,3699.0
TCL,14.7,10027986121485,TCL55V8-MAX,屏幕尺寸：55英寸,2999.0
三星（SAMSUNG）,15.0,100015895688,三星UA65TUF88EJXXZ,中国大陆/越南 以实际为准,4599.0
索尼（SONY）,32.0,100018938200,索尼XR-65X91J,中国,8999.0
海尔（Haier）,5.6,8094576,海尔LE32A51J,中国大陆,999.0
海信（Hisense）,25.3,100010920848,海信55E8D,中国大陆,3769.0
创维（Skyworth）,23.0,100010786833,创维65A5 Pro,中国大陆,4399.0
TCL,23.4,100006429493,TCL65V8,中国大陆,3699.0
海信（Hisense）,8.2,100007853373,海信40E2F,中国大陆,1549.0
TCL,13.0,100006429497,TCL50V8,中国大陆,2399.0
TCL,16.8,100007928284,TCL55V6,中国大陆,2599.0
小米（MI）,55.3,100018504612,小米L86R6-MAX,中国大陆,9999.0
小米（MI）,7.5,100020530516,小米L40M7-EA,中国大陆,1599.0
荣耀（HONOR）,15.9,100007791251,荣耀LOK-330,中国大陆,2799.0
VIDAA,24.3,100015491990,VIDAA65V1F-S,中国大陆,3299.0
VIDAA,24.3,100007826421,VIDAA65V1F-R,中国大陆,3199.0
酷开（coocaa）,23.5,100013125200,酷开65P30,中国大陆,2949.0
maxhub,106.0,100018440516,maxhubW98PNA,中国大陆,29999.0
VIDAA,9.8,100009049001,VIDAA43V3F,中国大陆,1799.0
小米（MI）,17.5,6297347,小米L50M5-AD,中国大陆,2199.0
康佳（KONKA）,6.0,100008585405,康佳32S3,中国大陆,1099.0
创维（Skyworth）,30.0,100008912235,创维70A9,中国大陆,3399.0
创维（Skyworth）,7.0,100013736460,创维40X8,中国大陆,1269.0
创维（Skyworth）,13.0,100007192327,创维55V60,中国大陆,3799.0
索尼（SONY）,25.0,100018938180,索尼XR-55X91J,中国,6999.0
酷开（coocaa）,15.0,100007165153,酷开50P30,中国大陆,2099.0
飞利浦（PHILIPS ）,34.6,100013951308,飞利浦75PUF7295/T3,中国大陆,5499.0
长虹（CHANGHONG）,15.5,100019455862,长虹55D4PS,中国大陆,2399.0
海尔（Haier）,22.5,100012066552,海尔LU65J71,中国大陆,3099.0
TCL,9.0,100014227820,TCL43L8,中国大陆,1899.0
海信（Hisense）,5.0,100013736476,海信32E2F-PRO,中国大陆,1199.0
长虹（CHANGHONG）,28.5,100008439279,长虹65D7P PRO,中国大陆,3799.0
TCL,5.1,100013427834,TCL32V6H,中国大陆,1199.0
SHARP,22.0,100011529852,SHARP60A5RD,中国大陆,3399.0
创维（Skyworth）,4.6,100013736462,创维32X8,中国大陆,969.0
创维（Skyworth）,23.5,100007192329,创维65V40,中国大陆,3199.0
美的（Midea）,69.0,6559653,美的BCD-213TM(E),中国大陆,1298.0
美的（Midea）,78.0,3791763,美的BCD-318WTPZM(E),中国大陆,2799.0
新飞（Frestec）,69.0,100011296490,新飞BCD-280K7AT,中国大陆,1699.0
容声（Ronshen）,83.0,6679030,容声BCD-319WD11MP,中国大陆,2999.0
美的（Midea）,124.0,5354053,美的BCD-476WGPM(E),中国大陆,5099.0
美的（Midea）,70.0,100017784908,美的BCD-247WTPZM(E),中国大陆,2399.0
康佳（KONKA）,50.0,100015657814,康佳BCD-212WEGY3S,中国大陆,1299.0
美的（Midea）,106.0,100008204133,美的BCD-495WSPZM(E),中国大陆,3999.0
美的（Midea）,51.0,10021414139281,美的（Midea）BCD-176M,中国大陆,1198.0
美的（Midea）,67.0,1978018,美的BCD-236WM(E),中国大陆,1999.0
奥马（Homa）,28.0,100005634601,奥马BCD-125H,中国大陆,798.0
海尔（Haier）,121.0,100008568481,海尔BCD-506WSEBU1,中国大陆,7859.0
容声（Ronshen）,88.0,10028508591752,容声（Ronshen）BCD-450WD18HP,中国大陆,3099.0
松下（Panasonic）,115.0,100005322404,松下NR-EW58G1-XW,中国大陆,4390.0
海尔（Haier）,109.0,100010636125,海尔BCD-536WGHTDD9N9U1,中国大陆,6999.0
海尔（Haier）,95.0,100021752898,海尔BCD-406WDPD,中国大陆,3199.0
美的（Midea）,29.5,100010622059,美的BCD-112CM,中国大陆,869.0
海尔（Haier）,95.0,100004917179,海尔BCD-510WDEM,中国大陆,3599.0
卡萨帝（Casarte）,131.0,100015722330,卡萨帝BCD-628WDBAU1,中国大陆,8779.0
美的（Midea）,90.0,100011151639,美的BCD-470WKPZM(E),中国大陆,3800.0
TCL,46.0,100009125805,TCLR200L1-CZ芭蕾白,中国大陆,1069.0
容声（Ronshen）,103.0,100012689430,容声BCD-452WD12FP,中国大陆,4999.0
海尔（Haier）,31.0,1750856,海尔BC-93TMPF,中国大陆,799.0
米家,50.0,100016393634,米家BCD-215MDMJ05,中国大陆,1299.0
卡萨帝（Casarte）,130.0,100011816880,卡萨帝BCD-635WVPAU1,中国大陆,10899.0
康佳（KONKA）,78.0,6116667,康佳BCD-400EGX5S,中国大陆,1799.0
圣托（Shentop）,18.0,100020688588,圣托STLZ-T80,中国大陆,2549.0
德玛仕（DEMASHI）,28.8,100004042129,德玛仕GZJ234D,中国大陆,2480.0
美的（Midea）,48.0,100007627001,美的KFR-72LW/N8MWA1,中国大陆,9499.0
美的（Midea）,15.0,100016949232,美的KFR-35GW/N8MTC1,中国大陆,4599.0
富士通（Fujitsu）,10.0,100001591235,富士通ASQG12CB,中国大陆,3799.0
圣托（Shentop）,28.0,100007139215,圣托STN-FQ95,中国大陆,2999.0
东贝,67.0,100021531856,东贝KLJ330S,中国大陆,6374.0
东贝,42.0,100022064090,东贝50SCW-12智能款,中国大陆,3957.0
志高（CHIGO）,48.0,100021592104,志高ZG-SY150,中国大陆,2699.0
东贝,44.0,100011418115,东贝DKX15X3LR,中国大陆,2067.0
澳柯玛（AUCMA）,12.5,100018827522,澳柯玛AZH-22NE,中国大陆,1199.0
东贝,32.0,100021617484,东贝DKX15X2LRP,中国大陆,1557.0
澳柯玛（AUCMA）,12.5,7119683,澳柯玛AZH-22NE,中国大陆,1199.0
圣托（Shentop）,18.0,100020688588,圣托STLZ-T80,中国大陆,2549.0
美的（Midea）,6.52,100019630236,美的GDE24MA,中国大陆,389.0
SOLOVE,0.8,100005397310,SOLOVEF5,中国大陆,99.0
美的（Midea）,5.8,100019232936,美的SAE30ML,中国大陆,149.0
志高（CHIGO）,0.4,100013985232,志高C7-1（A）,中国大陆,32.9
戴森（DYSON）,5.01,7262124,戴森AM07 风尚紫,马来西亚,3150.0
海尔（Haier）,4.05,100012004678,海尔FZJ1102A,中国大陆,169.0
赛亿（Shinee）,2.8,100011846758,赛亿FS-N9,中国大陆,79.9
格力（GREE）,3.28,100019145370,格力FXDZ-20X61Bag5,中国大陆,469.0
奥克斯（AUX）,4.9,6765847,奥克斯FS1608RC,中国大陆,119.9
格力（GREE）,7.3,100018835006,格力KS-04X61Dg,中国大陆,489.0
美的（Midea）,3.24,100002261605,美的GAC18ER,中国大陆,269.0
美的（Midea）,5.72,65745009151,美的（Midea）SAD30MB,中国大陆,149.0
先锋（SINGFUN）,1.9,100010424319,先锋DZY-T1,中国大陆,59.9
先锋（SINGFUN）,2.78,100011647502,先锋DXH-S6,中国大陆,169.0
美的（Midea）,6.1,100018850110,美的SDE30ET,中国大陆,299.0
澳柯玛（AUCMA）,2.45,100002330027,澳柯玛KYT-15R910(Y),中国青岛,119.0
长虹（CHANGHONG）,3.7,100020979706,长虹CFS-LD350,中国大陆,69.0
格力（GREE）,3.32,10028156405658,格力（GREE）FXDZ-20X61Bg5,中国大陆,395.0
格力（GREE）,6.0,6571612,格力FL-09X61Bh,中国大陆,309.0
amadana,3.0,10028332373377,amadanaA-FC013DR,中国大陆,459.0
奥普（AUPU）,2.65,100004442473,奥普V10,中国杭州,199.0
金羚（JINLING）,1.88,865487,金羚APB20-4-1,广东江门,119.0
艾美特（Airmate ）,2.68,100006666642,艾美特DPT15-50A,中国大陆,319.0
鸿雁,2.4,100001810444,鸿雁P0328S,浙江杭州,129.0
艾美特（Airmate ）,1.94,100006666796,艾美特APB15-01,中国大陆,199.0
爱美信（AMX）,4.3,100002557822,爱美信AX150,中国大陆,268.0
金羚（JINLING）,2.5,197661,金羚APB25-5-1M,广东江门,139.0
鸿雁,2.79,3067763,鸿雁P0318L,浙江杭州,89.0
金羚（JINLING）,0.65,100017535662,金羚APC15-2-2,广东江门,109.0
绿岛风（Nedfon）,1.8,100015370156,绿岛风BPT10-22-H25,中国大陆,85.0
艾美特（AIRMATE）,1.86,100011623580,艾美特CA15-X28,中国大陆,109.0
奥普（AUPU）,3.22,2823424,奥普BP15-4D,中国杭州,269.0
澳柯玛（AUCMA）,6.0,100011582288,澳柯玛FS-35D909(Y),中国青岛,99.0
格力（GREE）,6.0,10026423067055,格力（GREE）FD-35X65h7,中国大陆,137.0
艾美特（AIRMATE）,5.14,100011623558,艾美特CA23-R24,中国大陆,349.0
格力（GREE）,4.94,67356117022,格力（GREE）FSTZ-20X60Bg3,中国大陆,419.0
先锋（SINGFUN）,4.24,100019232930,先锋DXH-S10,中国大陆,129.0
艾美特（AIRMATE）,7.53,829764,艾美特FSW65T2-5,中国,159.0
澳柯玛（AUCMA）,4.8,100010625221,澳柯玛FS-35H191,中国大陆,79.9
格力（GREE）,7.37,37218059669,格力（GREE）FD-4012-WG,中国大陆,169.0
艾美特（AIRMATE）,7.64,100003620662,艾美特CS35-RD1,中国大陆,329.0
美的（Midea）,3.3,53770535636,美的（Midea）KYT30-15AW,中国大陆,169.0
艾美特（AIRMATE）,5.42,100011931876,艾美特CS30-X20,中国大陆,139.0
艾美特（AIRMATE）,3.0,10026912903970,艾美特（AIRMATE）CS35-R18,中国大陆,189.0
长虹（CHANGHONG）,3.73,100019447102,长虹 CFS-LD351,广东,79.9
大宇（DAEWOO）,4.82,100018628760,大宇A1,中国大陆,699.0
TCL,1.7,100019232942,TCLTXS-21FD,中国大陆,69.0
布谷（BUGU）,5.36,100019277168,布谷BG-F4,中国大陆,129.0
TCL,1.3,100010625217,TCLTFJ16-19AD,中国大陆,38.9
格力（GREE）,3.55,100018834988,格力FS-3015h7,中国大陆,149.0
康佳（KONKA）,5.72,100003761948,康佳KF-L17D,中国大陆,84.9
先锋（SINGFUN）,5.8,100006438287,先锋DWY-S1,中国大陆,499.0
绿岛风（Nedfon）,2.45,100017586482,绿岛风APB25-5-B,中国大陆,103.0
美的（Midea）,5.7,10026606667155,美的（Midea）ZAE09AR,中国大陆,329.0
美的（Midea）,3.2,1361008,美的KYT30-15AW,中国大陆,179.0
海尔（Haier）,1.92,100004090754,海尔FKJ2501A,中国大陆,79.0
大宇（DAEWOO）,5.6,100019277188,大宇F9,中国大陆,1249.0
格力（GREE）,6.36,37232138383,格力（GREE）FL-09X62Bhc,中国大陆,394.0
美的（Midea）,8.2,10026780355519,美的（Midea）GDE24DG,中国大陆,699.0
美的（Midea）,5.3,100007554129,美的凉霸,中国大陆,589.0
格力（GREE）,7.4,100006719537,格力FSZ-20x60Bg3,中国大陆,699.0
金羚（JINLING）,1.3,6930657,金羚排气扇 厨房,广东江门,99.0
金羚（JINLING）,2.1,197657,金羚APB20-4-1M,广东江门,139.0
美的（Midea）,8.21,100010525615,美的GDE24DJ,中国大陆,699.0
奥普（AUPU）,3.55,100014878334,奥普W15,中国杭州,549.0
OPPLE,4.5,100020809952,欧普F168遥控凉霸,中国广东,829.0
松下（Panasonic）,1.7,61883333619,松下（Panasonic）FV-15VG2,中国大陆,286.0
金羚（JINLING）,1.73,100003242991,金羚BPT10-22-1D,广东江门,89.0
绿岛风（Nedfon）,2.9,100017586474,绿岛风BPT10-23S30,中国大陆,149.0
艾美特（Airmate ）,1.78,100008789256,艾美特MV33H-12,中国大陆,229.0
金羚（JINLING）,0.96,197655,金羚APC15-2-22L,中国广东,79.0
艾美特（Airmate ）,1.6,100009024919,艾美特APC15-HU,中国大陆,219.0
艾美特（Airmate ）,2.85,100005621410,艾美特MV33H-08,中国大陆,199.0
德力西,2.16,100018064220,德力西DG3105C,中国浙江,139.0
金羚（JINLING）,7.0,1211243,金羚工业排气扇,广东江门,299.0
爱美信（AMX）,2.29,100003018970,爱美信APB20-SH1,中国大陆,89.0
德通（Deton）,2.0,100019097562,德通FAD20-4,中国大陆,176.0
奥普（AUPU）,5.1,2749407,奥普QDP2218A,中国杭州,799.0
松下（Panasonic）,3.35,67330658987,松下（Panasonic）FV-24JR2C,中国大陆,899.0
松下（Panasonic）,3.02,100013100120,松下FV-24CHVS2C,广东,399.0
格力（GREE）,3.52,10027467230755,格力（GREE）FXDZ-20X62Bg3,中国大陆,439.0
松下（Panasonic）,3.17,61890442886,松下（Panasonic）FV-20VW3,中国大陆,239.0
澳柯玛（AUCMA）,1.3,2538905,澳柯玛FT-18G613,中国青岛,42.9
艾美特（AIRMATE）,6.9,595936,艾美特FSW52R,中国,179.0
小熊（Bear）,0.87,100011714014,小熊DFS-A04K1,中国大陆,99.0
蓝宝（BLAUPUNKT）,4.98,100019630282,蓝宝X2,中国大陆,749.0
金羚（JINLING）,1.55,197651,金羚BPT12-14-2,广东江门,89.0
艾美特（AIRMATE）,4.88,100011931878,艾美特CT-R5,中国大陆,239.0
美的（Midea）,2.8,100014450420,美的排气扇,中国大陆,309.0
松下（Panasonic）,2.915,61876550259,松下（Panasonic）FV-24CUVS2C,中国大陆,329.0
志高（CHIGO）,6.36,100018834984,志高FKL-XMDT2,中国大陆,279.0
美的（Midea）,12.88,100003338878,美的AAC12AR,中国大陆,498.0
美菱（MeiLing）,3.9,100011816806,美菱MFK-581M,中国大陆,139.0
美的（Midea）,8.0,6414774,美的AAB10A,中国大陆,299.0
格力（GREE）,7.3,10027301594703,格力（GREE）KS-04S63Dg,中国大陆,379.0
格力（GREE）,7.6,10026531370906,格力（GREE）KS-04X60Dg,中国大陆,459.0
金羚（JINLING）,0.75,100005562502,金羚APC15-2-2H,广东江门,89.0
金羚（JINLING）,2.7,100016132692,金羚FA30P,广东江门,179.0
雷士（NVC）,2.65,100004377753,雷士换气扇,中国广东,299.0
科沃（KOVOL）,0.39,100019741402,科沃F09,中国大陆,89.0
澳柯玛（AUCMA）,5.915,100020238428,澳柯玛FS-15A138(Y),中国青岛,398.0
格力（GREE）,22.0,62043630535,格力（GREE）DH40EF,中国大陆,2880.0
奥克斯（AUX）,11.0,10026602807544,奥克斯（AUX）KDY10-01W,中国大陆,699.0
宝工电器（BGE）,42.0,100021805622,宝工电器BGK1801-27R,中国大陆,3199.0
美的（Midea）,6.1,10028323531314,美的（Midea）AAE12MC,中国大陆,329.0
格力（GREE）,13.0,64198727510,格力（GREE）DH12EN,中国大陆,998.0
澳柯玛（AUCMA）,5.61,2742283,澳柯玛LG3-ND05(Y),中国青岛,199.0
格力（GREE）,11.97,6591617,格力KS-10X62D,中国大陆,629.0
奥克斯（AUX）,5.8,100006962753,奥克斯F-ST45AR,中国大陆,299.0
奥克斯（AUX）,5.0,10030325154249,奥克斯（AUX）FLS-L17A,中国大陆,249.0
益美得,0.5,100016126974,益美得LSL33258,中国大陆,139.0
格力（GREE）,13.93,48842700896,格力（GREE）KS-15X60RD-WG,中国大陆,1099.0
格力（GREE）,12.05,43748883271,格力（GREE）KS-10X65D,中国大陆,799.0
格力（GREE）,13.5,69192430948,格力（GREE）DH12EOA1A,中国大陆,1008.0
镇泰（ZHENTAI）,1.0,100011188321,镇泰ZT8831,中国大陆,79.0
TCL,4.82,100010424325,TCLTAC12-20BD,中国大陆,149.0
奥克斯（AUX）,6.14,7176952,奥克斯FT-TS45CR,浙江宁波,359.0
格力（GREE）,11.9,6591639,格力KS-10X61D,中国大陆,469.0
罗拉如炬（Lowra rouge）,0.965,10024432600252,罗拉如炬（Lowra rouge）CL-101,中国大陆,219.0
先科（SAST）,11.52,100004859218,先科CG-701L,中国大陆,399.0
格力（GREE）,14.16,100012404442,格力KS-06J61Dg,中国大陆,669.0
松井（SONGJING）,29.98,100000327763,松井SJ-552E,中国大陆,2199.0
申井,45.0,100004076527,申井SJ16000,中国大陆,2388.0
斯图（sitoo）,17.15,10023354152449,斯图（sitoo）7000(带拉杆)大型吹干机冷热双用型,中国大陆,1320.0
赛亿（Shinee）,1.9,100006439459,赛亿LFB-H3,中国大陆,99.0
奥克斯（AUX）,10.65,100020911932,奥克斯FLS-Z38A,中国大陆,349.0
海尔（Haier）,76.0,100012340870,海尔EG100PRO6S,中国大陆,2819.0
小天鹅（LittleSwan）,35.0,100006583751,小天鹅TB80V23H,中国大陆,939.0
TCL,32.0,4629832,TCLXQB70-36SP宝石黑,中国大陆,699.0
海尔（Haier）,30.0,100003428157,海尔EB65M019,中国大陆,799.0
松下（Panasonic）,35.0,100004117212,松下XQB80-TYWTS,中国大陆,1597.0
米家,79.0,100019522560,米家XHQG100MJ202,中国大陆,2299.0
小天鹅（LittleSwan）,74.0,100008184380,小天鹅TD100PURE,中国大陆,3199.0
COLMO,113.0,100021493952,COLMOCLDG13E,中国大陆,14999.0
海尔（Haier）,77.0,2833305,海尔EG8012B39SU1,中国大陆,1899.0
美的（Midea）,74.0,100007255984,美的MD100V11D,中国大陆,2199.0
海尔（Haier）,61.0,100019498122,海尔XQG80-B14126L,中国大陆,3299.0
小天鹅（LittleSwan）,78.0,4098931,小天鹅TG100V20WDG,中国大陆,2029.0
荣事达（Royalstar）,23.0,100014962774,荣事达ERVP191013T,中国大陆,599.0
海尔（Haier）,76.0,100018458662,海尔EG100MATE3S,中国大陆,2899.0
海尔（Haier）,42.0,100007814519,海尔EB100Z129,中国大陆,1599.0
海尔（Haier）,78.0,3195185,海尔EG10014B39GU1,中国大陆,2199.0
海尔（Haier）,79.0,100018878356,海尔EG100HB6S,中国大陆,3969.0
西门子（SIEMENS）,85.0,100004334331,西门子WN54A2X40W,中国大陆,5999.0
小天鹅（LittleSwan）,80.0,8316196,小天鹅TD100V86WMADY5,中国大陆,5499.0
统帅（Leader）,26.0,7476125,统帅@B60M2S,中国大陆,699.0
飞利浦（PHILIPS ）,16.06,42334614944,飞利浦（PHILIPS ）DE5205/00,中国大陆,2699.0
海尔（Haier）,72.0,100014614412,海尔G100108B12G,中国大陆,2199.0
松下（Panasonic）,73.0,100012416366,松下XQG100-EG13T,中国大陆,5998.0
海尔（Haier）,79.0,100005668836,海尔EG10012HB509G,中国大陆,3899.0
华凌,35.0,100011603446,华凌HB80-C1H,中国大陆,749.0
威力（WEILI）,31.5,100004232288,威力XQB80-1999,中国大陆,719.0
小天鹅（LittleSwan）,78.0,100018366740,小天鹅TD100V21DS5,中国大陆,2599.0
美的（Midea）,78.0,100000249075,美的MD100V31DG5,中国大陆,2499.0
卡萨帝（Casarte）,79.0,100012308532,卡萨帝C1 HB10G3U1,中国大陆,6299.0
美的（Midea）,74.0,100016983114,美的MG100A5-Y46B,中国大陆,2499.0
小天鹅（LittleSwan）,42.0,100012411658,小天鹅TB100V23H,中国大陆,1699.0
西门子（SIEMENS）,75.0,5963643,西门子XQG80-WM12N1600W,中国大陆,3299.0
海尔（Haier）,33.5,100003335139,海尔EB80M009,中国大陆,959.0
小天鹅（LittleSwan）,33.0,100007166959,小天鹅TB80V23DB,中国大陆,1229.0
荣事达（Royalstar）,28.0,100014524372,荣事达ERVP192016T,中国大陆,678.0
创维（Skyworth）,46.0,100007902449,创维T100Q,中国大陆,849.0
海尔（Haier）,90.0,100005668834,海尔EG10012B509G,中国大陆,2499.0
海尔（Haier）,72.0,7553196,海尔XQG100-14HB30GU1JD,中国大陆,3119.0
海尔（Haier）,74.0,100014325188,海尔EG100BDC189SU1,中国大陆,6099.0
松下（Panasonic）,67.0,71111008038,松下（Panasonic）XQG80-N80WY,中国大陆,2388.0
惠而浦（Whirlpool）,36.0,100005469149,惠而浦EWVP112016T,中国大陆,1049.0
海信（Hisense）,21.0,4905658,海信XQB30-M108LH,中国大陆,899.0
美的（Midea）,75.5,100017331468,美的MD100CQ7PRO-T1T,中国大陆,5999.0
小天鹅（LittleSwan）,74.0,100004688993,小天鹅TG100PURE,中国大陆,2299.0
美的（Midea）,72.0,10023386941653,美的（Midea）Y46B,能效等级：一级能效,2299.0
TCL,33.0,100005423235,TCLXQB80-J100,中国大陆,769.0
新飞（Frestec）,20.0,100007626949,新飞XQB50-1806D,中国大陆,569.0
小天鹅（LittleSwan）,78.0,100020290600,小天鹅TG100V65WADG-Y1T,中国大陆,2799.0
美的（Midea）,35.0,100006500153,美的MB80ECO1,中国大陆,869.0
统帅（Leader）,33.5,100005633424,统帅@B80M087,中国大陆,769.0
米家,22.0,100009317455,米家XQB30MJ101,中国大陆,999.0
海信（Hisense）,75.0,100019737434,海信HD100DC14DI,中国大陆,5879.0
美的（Midea）,42.0,100006529045,美的MB100ECO,中国大陆,1599.0
美的（Midea）,74.0,100004652001,美的MG100V11D,中国大陆,1799.0
美的（Midea）,42.0,71107984863,美的（Midea）美的10公斤波轮,能效等级：二级能效,1548.0
海尔（Haier）,76.0,100020938790,海尔XQG100-B12106G,中国大陆,2299.0
海尔（Haier）,79.0,100007940797,海尔EG100HBDC7SU1,中国大陆,4739.0
海尔（Haier）,89.0,7766495,海尔XQG100-14HBD70U1JD,中国大陆,5149.0
小天鹅（LittleSwan）,23.0,100001817376,小天鹅TP80VDS08,中国大陆,629.0
创维（Skyworth）,29.0,2562588,创维T75F,中国大陆,669.0
米家,62.0,100007347352,米家XQG80MJ101,中国大陆,1399.0
美菱（MeiLing）,3.28,100000579827,美菱MJBY-01,中国大陆,147.0
创维（Skyworth）,37.0,3132553,创维T85R,中国大陆,699.0
小熊（Bear）,7.56,7731579,小熊HGJ-B08H1,中国大陆,599.0
海尔（Haier）,79.0,100007814497,海尔EG100HBDC6S,中国大陆,4199.0
小天鹅（LittleSwan）,59.0,100016981408,小天鹅TH90-H02WY,中国大陆,3999.0
长虹（CHANGHONG）,3.3,3614877,长虹CH-GYJ2120,中国大陆,139.0
西门子（SIEMENS）,61.0,100004077941,西门子WT47W5681W,波兰,8599.0
森格玛（SENGEMA）,38.74,10024462156635,森格玛（SENGEMA）GYJ90-S9,中国大陆,3398.0
森格玛（SENGEMA）,30.44,10024212970061,森格玛（SENGEMA）GYJ60-520,中国大陆,1299.0
moido,1.55,10027161782769,moidoM04,适用人数：1-2人,498.0
天骏小天使,31.6,100008401320,天骏小天使TJ-GT20 杀菌款,中国大陆,1699.0
森格玛（SENGEMA）,22.6,10024474864880,森格玛（SENGEMA）AB-169,中国大陆,1880.0
康标（KONBUY）,26.52,10024942778384,康标（KONBUY）GYJ50-78F5-E,中国大陆,1598.0
海尔（Haier）,46.5,100011978536,海尔ES100BZ169,中国大陆,3149.0
华凌,42.0,10026474527141,华凌HB100-C1H-H01MH,中国大陆,899.0
LG,10.5,100014449094,LGFLX10N4W,中国大陆,3399.0
容声（Ronshen）,40.0,100003853862,容声RB90D1521,中国大陆,799.0
海尔（Haier）,78.0,100014325166,海尔EG100HBDC8SU1,中国大陆,5899.0
TCL,54.0,3569794,TCLXQG65-Q100,中国大陆,1199.0
西门子（SIEMENS）,72.0,1760146,西门子WM10N1C80W,中国,2999.0
威力（WEILI）,37.0,100005500660,威力XQB100-10018A,中国大陆,899.0
康佳（KONKA）,36.0,100006738688,康佳XQB90-12D0B,中国大陆,699.0
志高（CHIGO）,3.0,100003960148,志高ZG12A,中国大陆,149.0
海纳斯（HANASS）,1.68,100010587264,海纳斯GX-01,中国大陆,189.0
小天鹅（LittleSwan）,57.0,100007086715,小天鹅TH100VH88WY,中国大陆,6999.0
小天鹅（LittleSwan）,59.0,100006468135,小天鹅TH90-H02WY,中国大陆,4399.0
天骏小天使,3.48,966962,天骏小天使BL-1Y23,中国大陆,179.0
小天鹅（LittleSwan）,60.0,100002966444,小天鹅TH100-H32Y,中国大陆,5499.0
格力（GREE）,2.56,57209522841,格力（GREE）NFA-12A,中国大陆,248.0
小熊（Bear）,4.58,100012709242,小熊XDJ-A08V1,中国大陆,299.0
美的（Midea）,74.0,100019455532,美的MG100V70WD5-Y1Y,中国大陆,3899.0
格力（GREE）,4.92,100001113737,格力GN-10X60,中国大陆,229.0
云米（VIOMI）,33.0,100002326238,云米WT8S,中国大陆,799.0
小天鹅（LittleSwan）,74.0,100011334095,小天鹅TD100V66WIADT,中国大陆,4499.0
海尔（Haier）,55.5,100013038496,海尔GBN100-636,中国大陆,5999.0
森格玛（SENGEMA）,28.2,10024391786593,森格玛（SENGEMA）GYJ50-S5,中国大陆,2399.0
小熊（Bear）,5.0,100009166206,小熊HGJ-A10S4,中国大陆,269.0
艾美特（AIRMATE）,4.24,100004796479,艾美特HGY1023P-W1,中国大陆,269.0
格力（GREE）,19.17,297303,格力GSP20,中国大陆,969.0
美诺（MIELE）,62.0,100010122239,美诺TCD440WP C ,捷克,10999.0
moido,1.65,10023657180233,moidoMO3,中国大陆,499.0
moido,1.55,10027161782770,moidoM04,适用人数：1-2人,498.0
天骏小天使,31.0,100005787346,天骏小天使TJ-GT20,中国大陆,1399.0
美的（Midea）,1.76,100010419961,美的MDV-N02,中国大陆,239.0
朗菲,0.320,10029970484765,朗菲S1,适用人数：1-2人,399.0
蓝宝（BLAUPUNKT）,2.5,10023057539188,蓝宝（BLAUPUNKT）N1,适用人数：2-4人,469.0
松下（Panasonic）,44.0,10028850837991,松下（Panasonic）XQB90-URCBJ,能效等级：二级能效,2788.0
创维（Skyworth）,57.0,100002220113,创维XQG80-B15MC,中国大陆,1268.0
美菱（MeiLing）,37.2,100012424388,美菱0.XQBX,中国大陆,949.0
康佳（KONKA）,25.0,700393,康佳XPB80-752S,中国大陆,459.0
松下（Panasonic）,71.0,71149635532,松下（Panasonic）XQG90-N90WY,能效等级：一级能效,3188.0
小天鹅（LittleSwan）,47.0,100002461222,小天鹅TB100V60,中国大陆,1299.0
美的（Midea）,70.0,100021537388,美的 MD100A7,中国大陆,3899.0
美的（Midea）,70.0,100021537380,美的MG100A7,中国大陆,3099.0
美的（Midea）,43.0,100018781292,美的MB100CQ5PRO,中国大陆,2899.0
海尔（Haier）,45.0,100013570860,海尔EB100Z179U1,中国大陆,1859.0
海纳斯（HANASS）,1.75,100014311556,海纳斯GYH-01,中国大陆,358.0
苏泊尔（SUPOR）,1.95,100017814352,苏泊尔ST01AX-18,中国大陆,499.0
松下（Panasonic）,3.7,100014801442,松下NI-GSG020,中国大陆,369.0
OJA,2.62,100007976057,OJAA9,中国,398.0
澳柯玛（AUCMA）,2.94,100006150529,澳柯玛AGT-18L08(玫瑰金）,中国大陆,99.0
松下（Panasonic）,5.63,100000726328,松下NI-GWE080-PJ,中国大陆,849.0
斯蒂万（SteamOne）,8.83,10027536184045,斯蒂万（SteamOne）MINILYS,其他,3499.0
卓力（CuoRi）,1.5,100008482807,卓力BG578,中国大陆,1299.0
网易严选,1.35,7429648,网易严选便携手持挂烫机,中国大陆,89.0
飞利浦（PHILIPS ）,3.93,6680173,飞利浦GC7808/48,印尼,1799.0
飞利浦（PHILIPS ）,1.14,10029370852622,飞利浦（PHILIPS ）手持挂烫机,中国大陆,199.0
飞利浦（PHILIPS ）,3.78,100007907102,飞利浦GC7926/28,中国大陆,1899.0
美的（Midea）,1.055,100019630294,美的YBJ15AN1,中国大陆,129.0
海尔（Haier）,4.865,1471608,海尔HGS-2510,中国大陆,255.0
LAURASTAR,5.5,4880296,LAURASTARLIFT PLUS,葡萄牙,8779.0
美的（Midea）,2.85,100016374814,美的YBD15M1,中国大陆,499.0
苏泊尔（SUPOR）,4.98,100006947337,苏泊尔GT02BP-20,中国大陆,169.0
京东京造,1.05,100016022428,京东京造JZGT-306PK,中国 浙江,99.0
劳拉之星（LAURASTAR）,1.7,100017032688,劳拉之星IGGI,中国大陆,2280.0
网易严选,1.0,100008151121,网易严选NIT-LOFANS-01-IRON-PBU,中国大陆,86.0
松下（Panasonic）,1.36,100000561934,松下NI-GHA046-PJ,中国大陆,349.0
美的（Midea）,1.38,100000020949,美的YBD15D1,中国大陆,169.0
美的（Midea）,0.99,100011529478,美的H3,中国大陆,199.0
戴森（DYSON）,4.72,100010666763,戴森DYSON DIGITIAL SLIM FLUFFY,中国大陆,3690.0
海尔（Haier）,2.6,100019681740,海尔HZ-Q711B,中国大陆,449.0
网易严选,2.11,100009741179,网易严选NIT-CLVC-01-T110-WH,中国大陆,339.0
小狗,4.53,100016116042,小狗HC05 Plus,中国大陆,799.0
杰诺,9.0,100009693182,杰诺JN-308S,中国大陆,339.0
飞利浦（PHILIPS ）,5.34,4939705,飞利浦FC6405,中国大陆,999.0
奥克斯（AUX）,2.25,70566900008,奥克斯（AUX）AXS-927,中国大陆,159.0
牧田（MAKITA）,12.0,100018690828,牧田9218SB,中国大陆,1218.0
洒哇地咔（SWDK）,3.5,100021156678,洒哇地咔A186,中国大陆,725.0
杰诺,9.86,7254017,杰诺308,中国大陆,629.0
添可（TINECO）,8.1,100014247374,添可洗地机+红色mini套装,中国大陆,4880.0
领臣（LINGCHEN）,0.615,100009669638,领臣LC-265,中国大陆,49.9
小狗,7.63,100010426613,小狗T10 Plus,中国大陆,1399.0
飞利浦（PHILIPS ）,7.75,100001370458,飞利浦FC6908/82,中国,2999.0
杰诺,14.05,7253997,杰诺JN-508T,中国大陆,879.0
苏泊尔（SUPOR）,4.6,100016272016,苏泊尔VCC83F,中国大陆,219.0
大宇（DAEWOO）,1.8,100018357524,大宇V1,中国大陆,669.0
臣丰,2.6,2793465,臣丰CF-9805-1,中国大陆,468.0
石头（roborock）,10.12,100012791546,石头H6,中国大陆,2899.0
E准航,1.7,10023587660825,E准航QJ003,中国大陆,156.0
得伟（DEWALT）,1.9,100019451160,得伟DCM849,中国大陆,1498.0
戴森（DYSON）,7.38,100011028251,戴森V15 detect total clean,中国大陆,5490.0
海尔（Haier）,6.05,2155793,海尔HC-T2103A,中国大陆,298.0
德尔玛（Deerma）,3.46,5990489,德尔玛DX600S,中国大陆,219.0
苏泊尔（SUPOR）,5.85,100011674160,苏泊尔VCC37A-13,中国大陆,279.0
德尔玛（Deerma）,2.45,100015969232,德尔玛DEM-VC01MAX,中国大陆,449.0
海尔（Haier）,4.9,100019289918,海尔HZW1207,中国大陆,279.0
苏泊尔（SUPOR）,3.35,100008050249,苏泊尔VCS63-C10,中国大陆,899.0
海尔（Haier）,6.65,100010775051,海尔HZ-T615R pro,中国大陆,339.0
添可（TINECO）,8.1,100018635580,添可FW100100CN,中国大陆,5390.0
杰诺,24.06,7084926,杰诺JN309,中国大陆,1139.0
洛克（ROCK）,0.375,100008789957,洛克抛光打蜡划痕修复机,中国大陆,149.0
小米（MI）,0.7,100021396586,小米米家SSXCQ01XY,中国大陆,249.0
松下（Panasonic）,1.46,100007193432,松下MC-SBU1FC,中国大陆,1299.0
KARCHER,6.91,100007204779,KARCHERWD 1s,苏州,459.0
德尔玛（Deerma）,2.63,100002092255,德尔玛VC20,中国大陆,369.0
乐创（lecon）,4.135,100004258097,乐创LC-L2,中国大陆,298.0
德玛仕（DEMASHI）,120.0,100008615997,德玛仕HW-DC15C-07,中国大陆,8099.0
美的（Midea）,10.2,58934852635,美的（Midea）C2-IHH3502,中国大陆,1999.0
德玛仕（DEMASHI）,5.0,10025828538014,德玛仕（DEMASHI）IH-BT-3500A,中国大陆,398.0
德玛仕（DEMASHI）,4.78,48404894523,德玛仕（DEMASHI）德玛仕,中国大陆,399.0
德玛仕（DEMASHI）,120.0,100008615981,德玛仕HW-DC20C-08,中国大陆,11399.0
乐创（lecon）,4.135,10022755832909,乐创（lecon）LC-L2,中国大陆,509.0
乐创（lecon）,3.7,100010269627,乐创LC-L23,中国大陆,398.0
德玛仕（DEMASHI）,120.0,100020764902,德玛仕HY-100DC-30,中国大陆,17990.0
圣托（Shentop）,110.0,100004760408,圣托STC-A1400,中国大陆,12800.0
德玛仕（DEMASHI）,100.0,100006187900,德玛仕HW-DC20C-08,中国大陆,8299.0
德玛仕（DEMASHI）,120.0,100015336522,德玛仕HW-DC25C-09,中国大陆,8899.0
志高（CHIGO）,14.0,51548177488,志高（CHIGO）G2508,中国大陆,1399.0
苏泊尔（SUPOR）,12.0,100007238395,苏泊尔JZD*-Z-DY60,中国大陆,1099.0
德玛仕（DEMASHI）,120.0,100015336490,德玛仕HW-DC25C-09,中国大陆,14999.0
喜莱盛,105.0,100021133094,喜莱盛XLS-DCL800,中国大陆,9280.0
喜莱盛,105.0,100021133112,喜莱盛XLS-DCL900,中国大陆,9680.0
德玛仕（DEMASHI）,100.0,100014880692,德玛仕HW-DC12C-06,中国大陆,8699.0
喜莱盛,130.0,100020703440,喜莱盛XLS-XCL15SS,中国大陆,11880.0
喜莱盛,105.0,100020703412,喜莱盛XLS-XCL12SD,中国大陆,9880.0
喜莱盛,130.0,100020703400,喜莱盛XLS-XCL15SD,中国大陆,10880.0
德玛仕（DEMASHI）,200.0,100006219394,德玛仕HW-SDC25C-09,中国大陆,17999.0
喜莱盛,130.0,100020703382,喜莱盛XLS-XCL15SP,中国大陆,8980.0
喜莱盛,105.0,100021133096,喜莱盛XLS-DCL700,中国大陆,8898.0
德玛仕（DEMASHI）,200.0,100006219390,德玛仕HW-SDC30C-10,中国大陆,18999.0
美的（Midea）,15.2,100015520262,美的Q610P,中国大陆,1599.0
喜莱盛,85.0,100020703456,喜莱盛XLS-DCL9,中国大陆,5980.0
内芙（Neifo）,30.0,100017497962,内芙FH711TC,中国大陆,3060.0
苏泊尔（SUPOR）,4.84,2410546,苏泊尔SDHCB8E30-210,中国大陆,189.0
美的（Midea）,2.3,100019863636,美的C22-RX22H01,中国大陆,179.0
美的（Midea）,4.85,100014902750,美的C22-WT22T0301,中国大陆,209.0
美的（Midea）,3.44,44215655121,美的（Midea）C21-simple103,中国大陆,189.0
松下（Panasonic）,15.0,1443618,松下NN-GM333W,中国大陆,399.0
朝暮之家,4.53,70793907034,朝暮之家可伸缩微波炉子,中国大陆,148.0
格兰仕（Galanz）,14.0,708237,格兰仕P70F23P-G5(SO),佛山,389.0
格兰仕（Galanz）,17.1,100009245545,格兰仕G80F23CN3XL-R6(S5),中国大陆,379.0
東芝,13.0,100007680844,东芝ER-S60CNW,中国大陆,2299.0
佳佰,2.33,8739431,佳佰厨房置物架,广东惠州,59.0
美的（Midea）,12.6,100007910325,美的PC23D1,中国大陆,1599.0
美的（Midea）,13.7,100008422557,美的M3-L20A8,中国大陆,859.0
四季沐歌（MICOE）,4.635,100016707452,四季沐歌WB07-45SC2,广东江门,149.0
東芝,19.8,100009483247,东芝ER-VT7230,中国大陆,3299.0
松下（Panasonic）,12.3,100021517834,松下NN-SM2000,中国大陆,499.0
德玛仕（DEMASHI）,9.6,100018562734,德玛仕IH-TT-5000N,中国大陆,969.0
美的（Midea）,3.44,56216006234,美的（Midea）C21-simple103,中国大陆,199.0
小熊（Bear）,2.35,100016607980,小熊DCL-A21B1,中国大陆,199.0
九阳（Joyoung）,4.18,100013335932,九阳C21S-C2162,中国大陆,219.0
米家,10.5,100017715754,米家MDCLD01ACM,中国大陆,999.0
苏泊尔（SUPOR）,5.14,6889667,苏泊尔C22-IH66E8,中国大陆,239.0
格兰仕（Galanz）,14.5,100006637710,格兰仕P80D23CN1XL-A2(B0),中国大陆,438.0
格兰仕（Galanz）,12.8,100009958975,格兰仕G90F23MSXLV-A7(B3),中国大陆,979.0
老板（Robam）,44.3,100020255584,老板CQ979,中国大陆,7949.0
格兰仕（Galanz）,18.1,100017209432,格兰仕R6-G238N3(S0),中国大陆,379.0
格兰仕（Galanz）,2.3,100007690869,格兰仕WCL002,中国大陆,219.0
美的（Midea）,15.8,100004464591,美的PM2302,中国大陆,599.0
美的（Midea）,11.0,68409370610,美的（Midea）M3-L231F,操控方式：按键式,519.0
九阳（Joyoung）,4.02,1751000,九阳H22-x3,中国大陆,199.0
美的（Midea）,3.05,100015729106,美的H22-HST2208,中国大陆,199.0
東芝,20.5,100003123038,东芝ER-ST6260,中国大陆,1999.0
长帝（changdi）,14.76,100001781696,长帝CRDF52WBL,中国大陆,999.0
康佳（KONKA）,5.5,10026472240871,康佳（KONKA）KE-3514,操控方式：按键式,899.0
苏泊尔（SUPOR）,2.56,100005678990,苏泊尔C22-IJ20E,中国大陆,259.0
美的（Midea）,3.82,100007765920,美的C30-IH3002,中国大陆,579.0
九阳（Joyoung）,6.96,1400281,九阳KX-30J601,中国大陆,189.0
美的（Midea）,9.05,100014279348,美的PT35A0,中国大陆,799.0
柏翠（petrus）,14.24,100011674162,柏翠PE5400,中国大陆,869.0
九阳（Joyoung）,2.45,100019384786,九阳C21-SX810-B4,中国大陆,159.0
澳柯玛（AUCMA）,4.76,100010338330,澳柯玛C-30D9,中国青岛,419.0
格兰仕（Galanz）,3.325,7321029,格兰仕KWS0710J-H10N,中国大陆,119.0
美的（Midea）,5.24,6371218,美的C21-WH2106,中国大陆,239.0
美的（Midea）,3.44,10027624898246,美的（Midea）C21-simple103,中国大陆,199.0
苏泊尔（SUPOR）,4.45,100016154526,苏泊尔C22-IH97S,中国大陆,299.0
长帝（changdi）,10.45,100015969006,长帝TV32C,中国大陆,729.0
美的（Midea）,6.5,100017490996,美的PT25A0,中国大陆,599.0
松下（Panasonic）,20.68,100020382056,松下NU-SC350W,中国大陆,3799.0
北美电器（ACA）,10.8,100000724708,北美电器ATO-E43A,中国大陆,449.0
美的（Midea）,4.9,100006478242,美的C22-S501,中国大陆,439.0
德玛仕（DEMASHI）,4.5,10020612863053,德玛仕（DEMASHI）德玛仕,中国大陆,479.0
苏泊尔（SUPOR）,5.02,100007219815,苏泊尔C21-IH63E8,中国大陆,299.0
苏泊尔（SUPOR）,4.44,100014551928,苏泊尔C22-IH29E8,中国大陆,189.0
九阳（Joyoung）,18.06,100012738306,九阳KX30-Z91,中国大陆,1599.0
松下（Panasonic）,23.19,7076331,松下NU-SC300,中国大陆,4299.0
美的（Midea）,15.26,100005693522,美的PS2001,中国大陆,1999.0
康佳（KONKA）,3.85,100008282813,康佳KAO-M12,中国大陆,149.0
美的（Midea）,3.55,100013253260,美的PT1203,中国大陆,249.0
小熊（Bear）,7.85,100007336069,小熊DKX-A35X2,中国大陆,279.0
小熊（Bear）,9.04,100001071391,小熊DKX-D20A1,中国大陆,449.0
长虹,3.06,100020545364,长虹CKX-11X01,中国大陆,89.0
九阳（Joyoung）,8.86,100005437050,九阳KX38-J98,中国大陆,249.0
小熊（Bear）,3.44,100005310232,小熊DKX-D11H5,中国大陆,119.0
美的（Midea）,3.9,64604284236,美的（Midea）RX22H0103,中国大陆,309.0
苏泊尔（SUPOR）,3.72,100004579417,苏泊尔SF30FC629,中国大陆,159.0
奥克斯（AUX）,2.4,739422,奥克斯WDF30-10B  ,广东威王集团,89.0
美的（Midea）,4.48,100008910973,美的MB-FB40E108,中国大陆,219.0
美的（Midea）,4.83,100012738304,美的MB-FB50M205,中国大陆,219.0
苏泊尔（SUPOR）,4.89,100011516554,苏泊尔SF40FC661,中国大陆,329.0
米家,2.9,100003476046,米家米家 电饭煲,中国大陆,179.0
苏泊尔（SUPOR）,6.55,100017609144,苏泊尔SF40HC43,中国大陆,699.0
半球（PESKOE）,2.385,100005674153,半球FJ30-X,中国大陆,87.0
美的（Midea）,4.48,100011621228,美的MB-FB50M151,中国大陆,209.0
金灶（KAMJOVE）,4.05,100020680918,金灶A2800,中国大陆,538.0
格兰仕（Galanz）,6.65,100002987735,格兰仕K13,中国大陆,189.0
美的（Midea）,9.24,100007539424,美的PT3502,中国大陆,269.0
苏泊尔（SUPOR）,8.94,100009131337,苏泊尔K38FK613,中国大陆,239.0
美的（Midea）,3.45,7123225,美的T1-L108B,广东,99.0
美的（Midea）,7.06,100003198519,美的PT2531,中国大陆,179.0
海氏（Hauswirt）,36.5,1274721,海氏HO-M10,中国大陆,2280.0
海氏（Hauswirt）,12.4,5187962,海氏C41,中国大陆,489.0
松下（Panasonic）,7.7,100015520108,松下NU-DM300PXPE,中国大陆,399.0
美的（Midea）,10.16,435168,美的MG38CB-AA,广东,239.0
美的（Midea）,9.0,10021160586308,美的（Midea）PT3506W,类别：烤箱,419.0
美的（Midea）,11.76,100007539400,美的PT4001,中国大陆,439.0
苏泊尔（SUPOR）,6.64,100006757266,苏泊尔SF50HC750,中国大陆,549.0
半球（PESKOE）,11.32,8512997,半球CFXB180-265,中国广东,369.0
米家,4.55,100019702344,米家MKX02M,中国大陆,299.0
飞利浦（PHILIPS ）,3.52,840211,飞利浦HD3060/00,中国大陆,239.0
苏泊尔（SUPOR）,4.2,100018010986,苏泊尔50FC996,中国大陆,229.0
美的（Midea）,5.905,3796674,美的C21-WT2112T,中国大陆,259.0
圣托（Shentop）,100.0,100000459317,圣托STC-A1000,中国大陆,7880.0
美的（Midea）,4.8,100008307060,美的MB-FB40E511,中国大陆,259.0
米家,4.5,100011127088,米家MDFBD03ACM,中国大陆,199.0
苏泊尔（SUPOR）,6.37,100004914711,苏泊尔40HC752,中国大陆,889.0
九阳（Joyoung）,2.11,100007272329,九阳F-12FZ618,中国大陆,89.0
美的（Midea）,6.5,100007732409,美的MB-FB50S701,中国大陆,499.0
米家,6.8,4023389,米家米家IH电饭煲,中国大陆,499.0
康佳（KONKA）,3.21,4034694,康佳KAO-1208,中国大陆,99.0
美的（Midea）,4.35,100019564964,美的MC-CL35W7-001,中国大陆,499.0
长帝（changdi）,10.7,100001357071,长帝CRDF32WBL,中国大陆,469.0
海氏（Hauswirt）,15.4,100007539398,海氏I7,中国大陆,1399.0
海氏（Hauswirt）,12.55,100017121696,海氏C41,中国大陆,579.0
美的（Midea）,11.219,5248778,美的T3-L324D,中国大陆,359.0
美的（Midea）,10.68,7370789,美的T4-L326F,中国大陆,429.0
松下（Panasonic）,12.74,7798797,松下NB-WJH3202,中国大陆,599.0
美的（Midea）,9.35,100010191651,美的T7-L325D,中国大陆,329.0
米家,20.2,100008737543,米家MZKXD01ACM-MZ01,广东佛山,1499.0
忠臣（loyola）,4.75,10023012488722,忠臣（loyola）LO-15L（红色）,操控方式：机械式,139.0
苏泊尔（SUPOR）,9.52,100009131311,苏泊尔K35FK609,中国大陆,299.0
九阳（Joyoung）,10.5,100009654271,九阳KX45-V191,中国大陆,299.0
松下（Panasonic）,16.2,4775314,松下NB-HM3810,中国大陆,1199.0
柏翠（petrus）,11.36,100013494348,柏翠PE3040,中国大陆,493.0
美的（Midea）,2.94,100006571088,美的YJ508J,中国大陆,159.0
半球（PESKOE）,3.54,100017882914,半球CFXB50-C,中国大陆,129.0
美的（Midea）,3.64,100000017333,美的MB-FB30Simple101,中国大陆,152.0
苏泊尔（SUPOR）,4.4,100013480138,苏泊尔40FC643,中国大陆,219.0
九阳（Joyoung）,3.21,67952955437,九阳（Joyoung）F-30FZ619,中国大陆,199.0
松下（Panasonic）,3.58,100002846009,松下SR-DC106-N,中国大陆,419.0
苏泊尔（SUPOR）,5.14,100009570191,苏泊尔SF40HC667,中国大陆,399.0
苏泊尔（SUPOR）,4.14,100008922280,苏泊尔SF40FC858,中国大陆,219.0
松下（Panasonic）,3.895,100004503982,松下SR-DC186-N,中国大陆,519.0
九阳（Joyoung）,4.75,100015172008,九阳F50FY-F513,中国大陆,239.0
京东京造,4.5,100021109536,京东京造JZ-DFB001,中国大陆,179.0
奥克斯（AUX）,3.85,100004952105,奥克斯WZA-0502,广东威王集团,129.0
虎牌（TIGER）,3.62,5771623,虎牌电饭煲,日本,1587.0
九阳（Joyoung）,4.35,100000100490,九阳F-50FY813,中国大陆,259.0
九阳（Joyoung）,4.34,7481020,九阳40FZ810,中国大陆,199.0
松下（Panasonic）,5.04,100001358462,松下SR-L15H8,中国大陆,949.0
象印（ZO JIRUSHI）,5.2,10021085438031,象印（ZO JIRUSHI）NS-TTH,适用人数：2-6人,1299.0
小熊（Bear）,3.55,100015098410,小熊DFB-B40T1,中国大陆,188.9
九阳（Joyoung）,2.97,1139857,九阳JYF-40FS69,中国大陆,179.0
九阳（Joyoung）,4.075,100007336045,九阳F-50FZ821,中国大陆,209.0
美的（Midea）,2.52,3366303,美的MB-YN161,广东,149.0
美的（Midea）,4.75,100010701157,美的MB-FB40Q7-520P,中国大陆,359.0
美的（Midea）,5.199,10021977258541,美的（Midea）MB-FB30S705（FB30M5-705T）,中国大陆,599.0
康佳（KONKA）,2.31,100006800577,康佳KRC-RS1,中国大陆,118.0
苏泊尔（SUPOR）,2.64,100008488744,苏泊尔16YA622,中国大陆,169.0
苏泊尔（SUPOR）,6.15,100014045586,苏泊尔SF40HC850,中国大陆,599.0
苏泊尔（SUPOR）,10.65,100009159767,苏泊尔K42FK619,中国大陆,308.0
松下（Panasonic）,3.26,100007376289,松下SR-DX071-W,中国大陆,399.0
海氏（Hauswirt）,9.8,100003405841,海氏F1,中国大陆,429.0
九阳（Joyoung）,4.1,100014472964,九阳F50FZ-F561,中国大陆,359.0
小熊（Bear）,2.78,100003091197,小熊DFB-B20A1,中国大陆,169.0
乐创（lecon）,80.0,100021468426,乐创LC-XWJ0.8,中国大陆,4998.0
乐创（lecon）,90.0,100021468370,乐创LC-XWJ1.0,中国大陆,5298.0
乐创（lecon）,110.0,100011371501,乐创LC-XWJ1.2,中国大陆,5698.0
艾拓（ITO）,120.0,100012406352,艾拓XWJ-1800D,中国大陆,6578.0
圣托（Shentop）,120.0,100015026682,圣托STAQ-WD15,广东顺德,7980.0
圣托（Shentop）,450.0,100005468265,圣托STW-L53,中国大陆,108800.0
半球（PESKOE）,2.42,2741526,半球CFXB30-5M(D1),中国大陆,79.9
福库（CUCKOO）,7.22,10024018583402,福库（CUCKOO）CRP-N069SJD,韩国,1699.0
美的（Midea）,4.9,100008910959,美的MB-FB50E108,中国大陆,219.0
乐创（lecon）,130.0,100021468412,乐创LC-XWJ1.8,中国大陆,6958.0
乐创（lecon）,120.0,100021468428,乐创LC-XWJ1.5,中国大陆,6598.0
艾拓（ITO）,80.0,100012343624,艾拓XWJ-900,中国大陆,4148.0
金正（NINTAUS）,1.31,100003730601,金正XY-1023,中国大陆,599.0
乐创（lecon）,95.0,100004975409,乐创LC-XWJ20,中国大陆,6998.0
乐创（lecon）,80.0,100008758766,乐创LC-XWJ18,中国大陆,6398.0
金正（NINTAUS）,2.23,100003730607,金正XY-9019,中国大陆,269.0
杰科（GIEC）,1.78,100016526658,杰科BDP-G360,中国大陆,1899.0
美的（Midea）,5.0,72281560318,美的（Midea）MB-FB40Star301,中国大陆,699.0
奥克斯（AUX）,3.6,100008568326,奥克斯WXA-0501,中国大陆,129.0
金正（NINTAUS）,2.325,100003730603,金正L21,中国大陆,799.0
九阳（Joyoung）,1.96,100007388133,九阳F-12FZ618,中国大陆,85.0
小熊（Bear）,3.2,100019198972,小熊DFB-C30C1,中国大陆,219.0
乐创（lecon）,70.0,100004975405,乐创LC-XWJ12,中国大陆,5398.0
美的（Midea）,2.46,100010246515,美的MB-FB16M161,中国大陆,159.0
格力（GREE）,5.16,100007661278,格力GDF-40X21C,中国大陆,288.0
艾拓（ITO）,140.0,100012406354,艾拓XWJ-2200D,中国大陆,6948.0
京东京造,4.75,100011353665,京东京造JZ-DFB002,中国大陆,299.0
万和（Vanward）,31.7,100015838950,万和E60-A5WW30-30,中国大陆,1599.0
志高（CHIGO）,3.235,100001689388,志高KBR-Y6S,中国大陆,328.0
美的（Midea）,23.0,100008053335,美的F6021-JA1(HEY),中国大陆,1148.0
美的（Midea）,19.0,1710161,美的F60-21WA1,中国大陆,649.0
万和（Vanward）,21.0,100012559988,万和E50-Q2WY10-20,中国大陆,1199.0
志高（CHIGO）,5.54,100000184070,志高KBR-H5,中国大陆,1180.0
史密斯（A.O.SMITH）,28.0,100014522570,史密斯E60VDP-B,中国大陆,2598.0
美的（Midea）,30.0,61405244331,美的（Midea）F50-22BT1（HY）,中国大陆,1499.0
美的（Midea）,26.0,100007391414,美的F6030-A6X(HEY),中国大陆,1599.0
史密斯（A.O.SMITH）,32.0,100010082959,史密斯E80VC0,中国大陆,2398.0
海尔（Haier）,28.0,100003859066,海尔EC6003-JT1(U1),中国大陆,1598.0
美的（Midea）,30.0,100012005926,美的F8030-JA1(HEY),中国大陆,1399.0
美的（Midea）,16.0,1717333,美的F50-21WA1,中国大陆,599.0
美的（Midea）,24.0,100011151038,美的F6021-JA1(HEY),中国大陆,1199.0
海尔（Haier）,25.0,100014835886,海尔EC6001-PD3(U1),中国大陆,1249.0
美的（Midea）,35.0,100020583544,美的F6032-U+(HE),中国大陆,3999.0
海尔（Haier）,30.0,100014903118,海尔EC8002-JT1(U1),中国大陆,1798.0
史密斯（A.O.SMITH）,29.0,100004771217,史密斯E60VDP,中国大陆,2598.0
史密斯（A.O.SMITH）,32.0,100020710438,史密斯E60HGD,中国大陆,4498.0
美的（Midea）,22.0,1106432,美的F60-15WB5(Y),中国大陆,949.0
海尔（Haier）,25.0,100008282285,海尔EC8001-PD3(U1),中国大陆,1349.0
奥特朗（otlan）,3.85,100005462484,奥特朗F13H-Y70A,中国大陆,1648.0
史密斯（A.O.SMITH）,28.0,100008609065,史密斯E60VC0-B,中国大陆,2198.0
万家乐,21.6,2860968,万家乐H111B,中国大陆,598.0
艾美特（AIRMATE）,5.54,100015849232,艾美特EH8523-A01,中国大陆,1280.0
卡萨帝（Casarte）,29.0,100020997730,卡萨帝CEC6005-AMU1,中国大陆,3979.0
海信（Hisense）,20.0,100015023740,海信DC50-W1513,中国大陆,619.0
海尔（Haier）,26.0,100010553017,海尔EC6005-JE5U1,中国大陆,2799.0
华凌,28.0,100014306442,华凌F8021-YJ2(HY),中国大陆,739.0
阿里斯顿（ARISTON）,20.0,1434935,阿里斯顿RA,中国大陆,848.0
格林姆斯（GLEMOS）,7.0,70380672013,格林姆斯（GLEMOS）WZL11（5-8.5KW可调）,中国大陆,1880.0
荣事达（Royalstar）,20.0,10026298737683,荣事达（Royalstar）SCZB系列,中国大陆,429.0
美的（Midea）,26.0,100008521965,美的F6032-JF4(HEY),中国大陆,1799.0
海尔（haier）,22.0,10026946820228,海尔（haier）EC5001-PC1,外型设计：圆筒型,599.0
海尔（Haier）,25.5,100012534266,海尔EC5002-YG3(U1),中国大陆,1099.0
海尔（Haier）,43.0,1121568,海尔EC5002-Q6,中国大陆,849.0
万和（Vanward）,29.0,100012560056,万和E80-Q2WY10-20,中国大陆,1499.0
统帅（Leader）,23.0,2802858,统帅LEC5001-20X1,中国大陆,559.0
海尔（Haier）,22.0,100008102195,海尔EC6001-HC3新,中国大陆,649.0
史密斯（A.O.SMITH）,33.0,100004771213,史密斯E80VDP,中国大陆,2858.0
海尔（Haier）,26.0,100012534258,海尔EC6002-YG3(U1),中国大陆,1199.0
万和（Vanward）,22.9,100012406214,万和E60-Q2WY10-20,中国大陆,1249.0
海尔（Haier）,28.0,6962231,海尔EC6005-JX,中国大陆,2399.0
美的（Midea）,1.8,100012243812,美的MB-FB08M301,中国大陆,119.0
德玛仕（DEMASHI）,12.43,64807820528,德玛仕（DEMASHI）德玛仕,中国大陆,468.0
松下（Panasonic）,4.78,7727497,松下SR-T10HN8,中国大陆,749.0
Taigroo,7.9,100007372929,TaigrooIC-B3501.ST,中国大陆,1499.0
康佳（KONKA）,2.35,100014962342,康佳KRC-RS21,中国大陆,118.0
半球（PESKOE）,3.65,100014771858,半球FJ60-H,中国大陆,159.0
万和（Vanward）,22.5,10029108153680,万和（Vanward）CQ1C1-20,外型设计：圆筒型,1498.0
万家乐,25.2,100006759022,万家乐D1,中国大陆,1148.0
万和（Vanward）,23.9,10026192127752,万和（Vanward）CQ6C1-21,外型设计：圆筒型,1299.0
华凌,26.0,100010194681,华凌F6022-YD2(HE),中国大陆,879.0
史密斯（A.O.SMITH）,32.0,6630277,史密斯E80VDD,中国大陆,2558.0
美的（Midea）,26.0,100011323814,美的F6030-J3S(HEY),中国大陆,1399.0
海尔（Haier）,24.0,100008607211,海尔ES40H-SMART5C(U1),中国大陆,4299.0
统帅（Leader）,17.0,100008327079,统帅LES80H-LT,中国大陆,769.0
美的（Midea）,21.0,100021032230,美的F60-21WA1,中国大陆,749.0
美的（Midea）,23.0,100007097109,美的F6022-J7(HE),中国大陆,1049.0
万和（Vanward）,28.5,100015838928,万和E50-A5WW30-30,中国大陆,1499.0
海尔（Haier）,23.0,100020997752,海尔EC6001-JHU1,中国大陆,1199.0
华凌,20.0,100003028676,华凌F5021-Y1,中国大陆,559.0
华凌,22.5,100003028674,华凌F6021-Y1,中国大陆,609.0
TCL,3.58,100005088646,TCLTDR-602TM,中国大陆,399.0
长虹（CHANGHONG）,19.0,100005144806,长虹Y50J01,中国大陆,479.0
美的（Midea）,20.5,100020073590,美的F5021-X1(S),中国大陆,849.0
卡萨帝（Casarte）,40.0,100008607195,卡萨帝CEC6005-LPLS3L(U1),中国大陆,4399.0
荣事达（Royalstar）,21.5,10029189763896,荣事达（Royalstar）BCZA系列,中国大陆,589.0
荣事达（Royalstar）,6.04,296067,荣事达RZ-100B,中国大陆,289.0
Taigroo,7.85,100013448060,TaigrooIC-B3501,中国大陆,1269.0
虎牌（TIGER）,7.04,1747882,虎牌JKT-A18C,日本,3088.0
美的（Midea）,23.0,100020090220,美的F6021-X1(S),中国大陆,899.0
苏泊尔（SUPOR）,5.9,100012314788,苏泊尔SF50HC32,中国大陆,799.0
Miji Design Germany,2.3,100021253398,Miji Design GermanyHB-2120,中国大陆,599.0
阿里斯顿（ARISTON）,26.0,100006485798,阿里斯顿J4,中国大陆,1498.0
琴岛,2.77,100007413608,琴岛808704,中国山东省青岛市即墨区辽河一路27号青岛市琴岛电器有限公司,269.0
彩虹（RAINBOW）,1.6,58395122246,彩虹（RAINBOW）电热毯,中国大陆,159.0
彩虹（RAINBOW）,2.04,58414874592,彩虹（RAINBOW）电热毯,中国大陆,139.0
彩虹（RAINBOW）,2.71,58405247588,彩虹（RAINBOW）电热毯,中国大陆,179.0
荣事达（Royalstar）,5.24,100004022335,荣事达TT200×180-7X,中国大陆,444.6
彩虹（RAINBOW）,5.97,10023584503556,彩虹（RAINBOW）水暖毯,中国大陆,438.0
荣事达（Royalstar）,1.09,100006810296,荣事达TT150X70X-7X,安徽,89.0
彩虹（rainbow）,2.3,100000369046,彩虹TT180ｘ150-1X,中国大陆,199.0
彩虹（RAINBOW）,2.0,10023631418519,彩虹（RAINBOW）电热毯,中国大陆,139.0
环鼎,3.5,10020419160624,环鼎HD-N02双控,中国大陆,238.0
环鼎,3.55,100015498306,环鼎TT180×200-8X,中国大陆,188.1
荣事达（Royalstar）,1.61,100006744780,荣事达TT150X80-6X,中国大陆,139.0
环鼎,5.08,54000748587,环鼎HD-1902,中国大陆,411.0
环鼎,2.7,56620358062,环鼎HD-N01双控,中国大陆,218.0
彩虹（rainbow）,1.05,3774652,彩虹TT150×70-4X,四川成都,109.0
环鼎,6.3,53997333669,环鼎HD-1801,中国大陆,326.0
彩虹（RAINBOW）,1.25,72496721937,彩虹（RAINBOW）电热毯,中国大陆,69.0
环鼎,1.0,54199292502,环鼎HD-N01,中国大陆,204.0
环鼎,2.8,100015498024,环鼎TT180×200-8X,中国大陆,672.6
环鼎,4.44,100007019298,环鼎TT180×150-8X,河北沧州,349.6
环鼎,4.82,100006851948,环鼎TT200×180-8X,中国大陆,311.6
环鼎,4.9,100004139755,环鼎TT200×180-8X,河北沧州,311.6
环鼎,2.7,10030038719277,环鼎HD-2006,中国大陆,948.0
环鼎,2.8,10021032157282,环鼎HD-2003,中国大陆,447.2
环鼎,2.54,10020413324930,环鼎HD-N02,中国大陆,159.0
裕民,0.91,100004123311,裕民YM41203,中国大陆,69.9
环鼎,2.7,53819763691,环鼎HD-1802,中国大陆,537.0
环鼎,4.36,10020738902604,环鼎HD-2005,中国大陆,627.0
澳柯玛（AUCMA）,1.26,100008825815,澳柯玛NF20H073,中国大陆,59.9
德龙（Delonghi）,2.6,100005622325,德龙DCH7091ER,深圳,749.0
德龙（Delonghi）,1.87,100000579825,德龙HFX30C18.GR,中国大陆,549.0
长虹（CHANGHONG）,1.8,100020700594,长虹室内加热器,广东中山,146.0
优勤（YOUQIN）,0.68,10024622854298,优勤（YOUQIN）50*30cm暖脚垫,材质：其它,49.0
煌礼坊,0.5,10022725033518,煌礼坊木纹款,材质：其它,69.0
康维佳,0.72,10025521737209,康维佳1,材质：其它,88.0
拙列,0.200,10024559830129,拙列车载暖风机,中国大陆,128.0
乐创（lecon）,12.0,100007478786,乐创LC-SY5001,中国大陆,1280.0
飞利浦（PHILIPS ）,0.260,35203649548,飞利浦（PHILIPS ）S1000系列,中国大陆,199.0
松下（Panasonic）,0.430,100004923916,松下ES-ST3Q-K405,中国大陆,499.0
飞利浦（PHILIPS ）,0.340,100006585416,飞利浦S3103/06,中国,299.0
米家,0.350,100009311303,米家5603,中国大陆,229.0
飞利浦（PHILIPS ）,0.475,100015322090,飞利浦S6670,中国珠海,549.0
米家,0.340,100009932832,米家米家电动剃须刀S500,中国大陆,199.0
超人（SID）,0.395,100006019383,超人RS7350,中国大陆,69.0
飞利浦（PHILIPS ）,0.5,100004077733,飞利浦S3203/08,中国大陆,298.0
博朗（BRAUN）,0.480,100012434446,博朗50-W1000s,中国大陆,499.0
超人（SID）,0.285,100002451263,超人RS7325,中国大陆,49.9
飞科（FLYCO）,0.420,4296554,飞科FS339,中国大陆,99.0
米家,0.295,100006758741,米家S300,中国大陆,99.0
飞科（FLYCO）,0.75,100007136119,飞科FS903,中国大陆,169.0
卡斯兰（Carslands）,0.200,10022860692082,卡斯兰（Carslands）车载暖风机,中国大陆,109.0
飞科（FLYCO）,0.290,100008113054,飞科FS318,中国大陆,79.0
小适（showsee）,0.5,100008853013,小适小适电动剃须刀F1-BK,中国大陆,109.0
飞利浦（PHILIPS ）,0.286,5572930,飞利浦S1050/02,中国大陆,219.0
飞科（FLYCO）,0.935,100016871684,飞科FS925,中国大陆,239.0
米家,0.180,100006078348,米家电动剃须刀,中国大陆,79.0
飞利浦（PHILIPS ）,0.335,100004077735,飞利浦S2302/02,中国大陆,219.0
小适（showsee）,0.340,100018835290,小适F303-BK,中国大陆,85.0
飞利浦（PHILIPS ）,0.280,100007188048,飞利浦S1101/02,中国大陆,189.0
超人（SID）,0.380,100011220144,超人RS7360,中国大陆,109.0
松下（Panasonic）,1.11,4086026,松下ES-LV74-A405,中国大陆,1099.0
京东京造,0.425,100016033798,京东京造JZSHA10,中国浙江,89.0
博朗（BRAUN）,0.5,100010774107,博朗3系3000s,中国大陆,329.0
飞科（FLYCO）,0.55,10028745480734,飞科（FLYCO）FS889,中国大陆,79.0
飞科（FLYCO）,0.300,10028744441872,飞科（FLYCO）FS310,中国大陆,99.0
博朗（BRAUN）,0.565,100003350316,博朗Braun德国博朗8330s电动剃须刀（银/蓝色）,德国,1199.0
松下（Panasonic）,0.621,100012064012,松下ES-LM31,中国大陆,799.0
超人（SID）,0.180,4452990,超人SS211,中国大陆,39.0
博朗（BRAUN）,0.450,3703463,博朗7系7840s,德国,999.0
飞科（FLYCO）,0.54,2894348,飞科FS375,中国大陆,139.0
飞利浦（PHILIPS ）,0.255,100008067437,飞利浦S666,中国大陆,279.0
博朗（BRAUN）,0.460,2379171,博朗3系3000s,中国大陆,329.0
松下（Panasonic）,0.220,1752041,松下ESB383-S,广州,89.0
素士,0.705,100012864370,素士素士S5电动剃须刀套装版,中国大陆,499.0
飞利浦（PHILIPS ）,0.260,69527702757,飞利浦（PHILIPS ）S1000系列,中国大陆,219.0
飞利浦（PHILIPS ）,1.0,100000122812,飞利浦SP9861/13,荷兰,3499.0
飞利浦（PHILIPS ）,0.919,100014750384,飞利浦S7731,中国珠海,1299.0
松下（Panasonic）,0.59,2646077,松下ES-WSL7D,中国大陆,259.0
飞科（FLYCO）,0.92,10028745868324,飞科（FLYCO）FS927,中国大陆,249.0
飞利浦（PHILIPS ）,0.165,911093,飞利浦PQ182/16,中国珠海,89.0
奔腾（POVOS）,0.300,990979,奔腾PW930,中国大陆,45.0
飞利浦（PHILIPS ）,0.86,3408468,飞利浦HP8235/00,中国大陆,219.0
直白（zhibai）,0.82,10025815235414,直白（zhibai）HL312,适用发质：通用发质,159.0
素士,1.58,100013937258,素士HMH001,中国大陆,429.0
飞利浦（PHILIPS ）,0.380,1075280,飞利浦HP8120/05,广东佛山,59.0
追觅,1.735,100015837996,追觅SHPH52,中国大陆,679.0
康夫（Kangfu）,0.91,7460440,康夫KF-3128,中国大陆,69.9
飞利浦（PHILIPS ）,0.68,186053,飞利浦HP8203,中国大陆,149.0
康夫（Kangfu）,0.64,100006003665,康夫KF-3141,中国大陆,69.9
戴森（DYSON）,2.14,100007051080,戴森HD03,马来西亚,3290.0
松下（Panasonic）,0.52,100019263936,松下EH-JNA3E,中国大陆,699.0
奔腾（POVOS）,0.75,2788475,奔腾PH9036,中国大陆,49.0
直白（zhibai）,1.54,66723534233,直白（zhibai）HL9,适用发质：通用发质,979.0
直白（zhibai）,2.316,100009635020,直白HL906,中国大陆,999.0
海尔,0.7,100009393119,海尔HCE1-1859,中国大陆,219.0
KASJ,0.480,10026399250308,KASJC01,中国大陆,599.0
京东京造,0.81,10023886842493,京东京造JZCF2,中国大陆,199.0
京东京造,0.76,100008322811,京东京造C3R,中国广东,479.0
金稻,0.6,100014608636,金稻KD380粉,中国大陆,319.0
崔娅（TSUYAGLA）,0.62,100006042908,崔娅TM1,中国大陆,239.0
映趣,0.240,10026780878551,映趣Boost,中国大陆,69.0
金稻,0.615,100012213128,金稻KD380,中国大陆,249.0
康夫（Kangfu）,0.270,6424239,康夫KF-530,中国大陆,39.9
金稻,0.53,100004404598,金稻KD380,中国大陆,199.0
米家,0.68,100011396503,米家LFQ02KL,中国大陆,149.0
飞科（FLYCO）,0.51,407901,飞科FH6251,上海,52.0
海尔（Haier）,0.69,100010901655,海尔HC51-2028,中国大陆,159.0
京东京造,0.81,100000680365,京东京造 JZCF2,中国 广东,179.0
素士,1.14,100008000124,素士H3S梵高款,中国大陆,329.0
飞利浦（PHILIPS ）,0.69,100008569155,飞利浦BHD378/05,中国大陆,179.0
松下（Panasonic）,0.77,8501508,松下EH-JNA3C,中国大陆,369.0
松下（Panasonic）,0.74,1118802,松下EH-ENE2-A405,中国广东,159.0
戴森（DYSON）,2.605,100010774101,戴森HD03,马来西亚,2990.0
小适（showsee）,0.74,100009327632,小适小适（showsee）吹风机 家用电吹风小适电吹风A1-W,中国大陆,69.0
米家,0.58,100009046980,米家CMJ02LXW,中国大陆,99.0
米家,0.848,100020453464,米家CMJ03LX,中国大陆,249.0
焕醒,0.56,10023038636605,焕醒H300-8,中国大陆,159.0
飞利浦（PHILIPS ）,0.340,70570834946,飞利浦（PHILIPS ）飞利浦剃须刀,印度尼西亚,429.0
飞利浦（PHILIPS ）,1.04,100019460176,飞利浦S9936/55,广东省珠海市,2699.0
映趣,0.290,10027199918282,映趣gentleman5S,中国大陆,99.0
飞利浦（PHILIPS ）,0.280,10021591373259,飞利浦（PHILIPS ）剃须刀,中国大陆,239.0
超人（SID）,0.450,4524833,超人RS337,中国大陆,79.0
yoose,0.450,10023268307715,yooseMINI,刀头类型：双刀头,389.0
康夫（Kangfu）,1.335,100000654601,康夫KF-3127,中国大陆,239.0
飞利浦（PHILIPS ）,0.66,70376311660,飞利浦（PHILIPS ）电吹风,中国大陆,179.0
直白（zhibai）,0.98,100007150176,直白HL312,中国大陆,149.0
直白（zhibai）,0.965,44200478431,直白（zhibai）HL345,中国大陆,179.0
松下（Panasonic）,0.805,5130772,松下EH-WNA8A,中国大陆,799.0
志高（CHIGO）,0.65,100015520814,志高DCF39,中国大陆,54.9
超人（SID）,0.440,100011828812,超人RS7350,中国大陆,89.9
奔腾（POVOS）,0.170,740780,奔腾PW918,上海,39.9
海尔,0.175,100016554470,海尔HSQ1-2217,中国大陆,119.0
美森（MSN）,0.210,10023614117568,美森（MSN）M3,中国大陆,169.0
博朗（BRAUN）,2.5,100019522358,博朗50-W1000s,中国大陆,799.0
飞利浦（PHILIPS ）,0.605,100010701135,飞利浦SU5799/06,广东省珠海市,799.0
须眉,0.220,10023329733256,须眉ST-R102C,中国大陆,149.0
海尔,0.675,100012969710,海尔HC51-2026,中国大陆,169.0
素士,1.215,100012516712,素士H5,中国大陆,259.0
映趣,0.250,10026661298028,映趣BlackStone,中国大陆,49.9
奔腾（POVOS）,0.4,2896978,奔腾PH1602C,中国大陆,39.0
海尔（Haier）,0.180,100020058812,海尔HSQ1-2218,中国大陆,99.0
松下（panasonic）0.,40,100019813700,松下ES-RC30-K405,中国大陆,169.0
博朗（BRAUN）,1.03,3703461,博朗7899cc,德国,1399.0
飞利浦（PHILIPS ）,0.5,100018227150,飞利浦S6688,中国大陆,799.0
松下（Panasonic）,0.62,100012064028,松下ES-LM31,中国大陆,799.0
飞利浦（PHILIPS ）,0.57,100019966896,飞利浦S6840/25,中国大陆,799.0
博朗（BRAUN）,0.625,100003350324,博朗Braun德国博朗9350s电动剃须刀（银色）,德国,1899.0
飞科（FLYCO）,0.7,169484,飞科FH6218,中国大陆,79.9
飞科（FLYCO）,0.490,791897,飞科FH6257,中国大陆,39.9
京东京造,0.55,100012472436,京东京造JZGL01,中国 浙江,69.0
京东京造,0.76,100021114868,京东京造JZCF06,中国 广东,349.0
崔娅（TSUYAGLA）,0.54,100018723908,崔娅TM1,中国大陆,219.0
飞科（FLYCO）,0.39,1187044,飞科FH6811,中国大陆,39.0
雷瓦（RIWA）,0.54,100016642404,雷瓦RB-8200,中国大陆,75.0
奔腾（POVOS）,0.360,4880710,奔腾PR5073,中国大陆,34.9
lena,0.56,4722698,lenaLN-508,中国大陆,139.0
飞利浦（PHILIPS ）,0.8,100018200124,飞利浦HP8230,中国大陆,139.0
飞利浦（PHILIPS ）,0.86,58560532989,飞利浦（PHILIPS ）电吹风,适用发质：通用发质,189.0
小适（showsee）,0.74,100006439601,小适小适（showsee）吹风机家用电吹风A5-R,中国大陆,105.0
戴森（DYSON）,2.269,100003730605,戴森HD03,马来西亚/菲律宾,2750.0
须眉,0.250,10023128231181,须眉ST-R201，ST-R202，ST-R203,中国大陆,239.0
俱全（JU QUAN）,1.9,100006028771,俱全JQZYCFJ65,江苏常州,119.0
飞利浦（PHILIPS ）,0.340,100002191129,飞利浦HP8401/55,中国大陆,139.0
京东京造,0.712,100005172777,京东京造JZCL皓月白,中国 浙江,139.0
大宇（DAEWOO）,1.7,100016251082,大宇HD01,中国大陆,1069.0
小适（showsee）,0.72,100009634273,小适A4-W,中国大陆,99.0
松下（Panasonic）,0.56,2311807,松下EH-WNE2H,广州,119.0
惠寻,0.267,100011231987,惠寻电吹风,中国大陆,59.9
一尔,0.5,10026462056426,一尔 HY-3200,中国大陆,69.0
一尔,0.5,10026446839738,一尔YE-FL188,中国大陆,109.0
飞科（FLYCO）,1.55,100013737178,飞科FH6286,中国大陆,249.0
康夫（Kangfu）,1.3,6080578,康夫KF-3126,中国大陆,99.9
飞科（FLYCO）,0.66,100010639792,飞科FH6276,中国大陆,79.0
飞利浦（PHILIPS ）,0.380,100018283744,飞利浦HP8120,中国大陆,69.0
康夫（Kangfu）,1.945,100009269557,康夫KF-K9,中国大陆,799.0
飞利浦（PHILIPS ）,0.72,1231811,飞利浦BHC202/05,中国,199.0
康夫（Kangfu）,1.08,8746841,康夫KF-5903,中国大陆,149.0
海尔,0.62,100016492934,海尔HC31-1623,中国大陆,129.0
艾沃得（Ai wo de）,0.4,10026179185497,艾沃得（Ai wo de）电吹风,中国大陆电吹风风叶,39.9
超人旋风,0.68,100009826766,超人旋风RD72030红,中国大陆,95.0
飞利浦（PHILIPS ）,0.8,35231543249,飞利浦（PHILIPS ）电吹风,中国大陆,79.0
美的（Midea）,1.16,100015660512,美的MB-AY0304,中国大陆,129.0
飞利浦（PHILIPS ）,0.380,100013189744,飞利浦BHC010/55,中国大陆,99.0
康夫（Kangfu）,0.995,100012134170,康夫KF-3131粉,中国大陆,109.0
京东京造,0.480,100002154771,京东京造JZDB6,中国 广东,139.0
松下（Panasonic）,0.79,100007612128,松下EH-NA46-W405,中国大陆,599.0
康夫（Kangfu）,0.94,480725,康夫KF-8888 ,中国大陆,69.9
海尔,0.82,100019393312,海尔HC51-2025,中国大陆,209.0
松下（Panasonic）,1.3,7250818,松下EH-NA98Q,中国大陆,1299.0
lena,0.54,4722722,lenaLN-S6,中国大陆,65.0
康夫（Kangfu）,0.555,1313152,康夫KF-505,中国广东,65.0
直白（zhibai）,1.385,10025615926381,直白（zhibai）直白HL505,适用发质：通用发质,249.0
金稻,0.53,100004100080,金稻KD380,中国大陆,199.0
飞利浦（PHILIPS ）,0.200,71839417955,飞利浦（PHILIPS ）MG1100/16,中国大陆,189.0
飞科（FLYCO）,0.69,1151846,飞科FH6232,中国大陆,59.9
康夫（Kangfu）,0.74,1802760,康夫KF-3520,中国大陆,59.9
康夫（Kangfu）,1.11,6468138,康夫KF-8946,中国大陆,158.0
飞利浦（PHILIPS ）,1.315,100017763600,飞利浦 S5666,中国大陆,1599.0
飞科（FLYCO）,1.0,10030024767842,飞科（FLYCO）FS901,中国大陆,179.0
崔娅（TSUYAGLA）,0.420,100015659308,崔娅W8,中国大陆,349.0
小适（showsee）,0.420,100006775523,小适小适电动理发C2-W,中国大陆,89.0
lena,0.7,100015097420,lenaLN-901,中国大陆,129.0
奥克斯（AUX）,0.5,100007098064,奥克斯W337M-22,中国大陆,69.0
lena,0.5,100017212416,lenaLN-606,中国大陆,139.0
lena,0.86,100010679716,lenaLN-F2,中国大陆,429.0
唯戈（Vivid&Vogue）,0.74,10021624806147,唯戈（Vivid&Vogue）VAV-022B,中国大陆,158.0
米家,0.81,100009976519,米家S700,中国大陆,499.0
博朗（BRAUN）,0.350,3829544,博朗3系300电动剃须刀(黑),中国大陆,299.0
飞利浦（PHILIPS ）,0.160,64984298659,飞利浦（PHILIPS ）PQ190/16,中国大陆,99.0
松下（Panasonic）,0.61,3242416,松下ES-LT2A-K705,日本,999.0
松下（Panasonic）,0.52,187548,松下ES-RW30-S,中国大陆,179.0
博朗（BRAUN）,1.14,4134386,博朗9290cc,德国,3499.0
飞利浦（PHILIPS ）,0.52,100020055308,飞利浦HS199/16,中国大陆,419.0
飞利浦（PHILIPS ）,0.57,100007774737,飞利浦BHH880/55,中国大陆,399.0
雷瓦（RIWA）,0.4,100007586751,雷瓦RB-809I,中国大陆,39.9
飞科（FLYCO）,0.260,10028745326183,飞科（FLYCO）FS808,中国大陆,69.0
米家,0.719,100011238504,米家米家电动剃须刀S500C,中国大陆,279.0
飞利浦（PHILIPS ）,0.65,5077389,飞利浦BHH811,中国大陆,259.0
金稻,0.91,100007508141,金稻KD995+KD380,中国大陆,369.0
崔娅（TSUYAGLA）,0.68,100013073124,崔娅TR05-02,中国大陆,119.0
小熊（Bear）,0.62,100012864368,小熊ZFQ-P50C1,中国大陆,169.0
小适（showsee）,0.59,100009043253,小适小适一拉卷直发器E2-P,中国大陆,119.0
lena,0.9,100008656541,lenaLN-508,中国大陆,199.0
崔娅（TSUYAGLA）,0.430,100009731806,崔娅QS101C-9,中国大陆,99.0
崔娅（TSUYAGLA）,0.865,100016117468,崔娅TP19-01,中国大陆,299.0
小熊（Bear）,0.52,100014567548,小熊LFQ-A02N3,中国大陆,99.0
雷瓦（RIWA）,1.22,100008656539,雷瓦Z7-ION,中国大陆,219.0
金稻,0.69,100015747732,金稻K8粉色,中国大陆,199.0
一尔,0.360,10026125049924,一尔RQ6900-5,中国大陆,109.0
奥卡丽斯（OCALISS）,0.68,10026203508555,奥卡丽斯（OCALISS）S18,中国大陆,239.0
mks,0.360,100005267560,mksNV8616,中国大陆,169.0
奔腾（POVOS）,0.53,100013564170,奔腾PR2016I,中国大陆,69.0
匹奇（PRITECH）,0.81,10024756034043,匹奇（PRITECH）JFX1,中国大陆,169.0
金稻,0.68,100008129639,金稻K8,中国大陆,199.0
一尔,0.350,10026129052255,一尔HJ-2018,特色功能：刀头水洗,124.0
志高（CHIGO）,0.480,100016414932,志高ZG-F1138,中国大陆,69.9
匹奇（PRITECH）,0.81,10030111598839,匹奇（PRITECH）JFX1,中国大陆,169.0
奔腾（POVOS）,0.380,100011299911,奔腾PW238,中国大陆,69.0
飞利浦（PHILIPS ）,0.250,100018480868,飞利浦QC5130/15,中国大陆,179.0
南极人（Nanjiren）0.,10,42921655883,南极人（Nanjiren）NBX0F53583CD/NBX8F52373JBKYK,中国大陆,109.0
奥克斯（AUX）,5.6,100009476611,奥克斯AKS-906A,中国大陆,799.0
mks,0.305,100011993458,mksNV8521,中国大陆,179.0
羅婭（ROYALTY LINE）,0.330,10023522460930,羅婭（ROYALTY LINE）NRL-Lisa,中国大陆,128.0
迪斯（Desleep）,1.38,100004188290,迪斯F861,中国大陆,229.0
mks,0.330,100006908692,mksNV8529,中国大陆,299.0
海尔,0.9,100011386220,海尔HD753-05,中国大陆,999.0
LG,0.7,100019718222,LGBCN2,中国大陆,1399.0
蓓慈,0.9,100014298520,蓓慈BA507A1,中国大陆,499.0
金稻,0.180,7222030,金稻KD-8023,中国大陆,129.0
立久佳（lijiujia）,71.0,100006424653,立久佳跑步机,浙江金华,2299.0
伊珞（EROCOME）,0.407,2998845,伊珞巨爵座女用自慰器,中国广东东莞市,119.0
京东京造,0.365,100008314701,京东京造JZJZAMQ-4,中国大陆,249.0
蓓慈,0.164,100018056900,蓓慈BA505A,中国大陆,199.0
迪斯（Desleep）,1.7,100021218344,迪斯DE-F860,中国大陆,299.0
网易严选,1.64,100013581782,网易严选网易严选按摩腰靠【2020款】冰岛蓝,中国大陆,219.0
迪斯（Desleep）,0.895,41172664382,迪斯（Desleep）DE-F801,中国大陆,399.0
京东京造,1.67,100014996790,京东京造JZ-OG14-GY,中国 福建,99.0
何浩明,2.49,100007572624,何浩明筋膜枪,中国大陆,1799.0